IdentifierType,Identifier,UnitID,UnitName,mean,TargetUnit,ConversionFactor,ValidMin,ValidMax,count,min,max,quantile_10,quantile_90
MedicalTerm,ALP,276,u/L,95.749886,"","","","",279661,0.0,45906.0,54.0,138.0
MedicalTerm,ALP,154,iu/L,97.65855,"","","","",264345,0.0,3998.0,54.0,149.0
MedicalTerm,ALP,153,IU,88.790695,"","","","",430,37.0,761.0,57.0,123.0
MedicalTerm,ALP,49,[iU]/L,90.02857,"","","","",350,33.0,507.0,52.0,128.0
MedicalTerm,ALP,44,/uL,84.09226,"","","","",336,39.0,438.0,55.0,105.0
MedicalTerm,ALP,953,units/l,118.60435,"","","","",230,42.0,578.0,63.0,162.0
MedicalTerm,ALP,852,iu/L(37C),198.72891,"","","","",166,81.0,1318.0,124.0,233.0
MedicalTerm,ALP,218,mmol/L,111.65171,"","","","",94,0.93,1700.0,1.15,191.0
MedicalTerm,ALP,923,Unknown,87.19222,"","","","",90,1.06,291.0,61.0,121.0
MedicalTerm,ALP,405,UNKNOWN UNITS,87.683334,"","","","",60,34.0,258.0,51.0,136.0
MedicalTerm,ALP,1155,(Unknown),79.18965,"","","","",58,48.0,148.0,56.0,105.0
MedicalTerm,ALP,277,U/mL,70.065216,"","","","",46,43.0,105.0,52.0,102.0
MedicalTerm,ALP,2411,Units/litre,75.4375,"","","","",32,7.0,156.0,49.0,115.0
MedicalTerm,ALP,1223,umol,77.375,"","","","",32,48.0,141.0,57.0,98.0
MedicalTerm,ALP,1307,IU/L 37C,270.4643,"","","","",28,85.0,567.0,126.0,458.0
MedicalTerm,ALP,1268,lu/l,91.38095,"","","","",21,64.0,144.0,67.0,118.0
MedicalTerm,ALP,320,KA/dL,178.0,"","","","",7,8.0,782.0,55.0,172.0
MedicalTerm,ALP,4548,U/L@37,112.0,"","","","",7,69.0,140.0,69.0,136.0
MedicalTerm,ALP,151,i.u./l,166.2,"","","","",5,76.0,258.0,76.0,258.0
MedicalTerm,ALP,521,R,103.6,"","","","",5,50.0,193.0,50.0,193.0
MedicalTerm,ALP,338,y,70.5,"","","","",4,56.0,96.0,56.0,96.0
MedicalTerm,ALP,4479,IUL,53.75,"","","","",4,50.0,59.0,50.0,59.0
MedicalTerm,ALP,11134,IU 37 C,47.0,"","","","",3,41.0,52.0,41.0,52.0
MedicalTerm,ALP,1386,[iU],52.0,"","","","",1,52.0,52.0,52.0,52.0
MedicalTerm,ALP,283,ug/L,81.0,"","","","",1,81.0,81.0,81.0,81.0
MedicalTerm,ALP,200,ml,90.0,"","","","",1,90.0,90.0,90.0,90.0
MedicalTerm,ALP,3519,Serum alk. phos. raised,0.0,"","","","",1,0.0,0.0,0.0,0.0
MedicalTerm,ALP,285,umol/L,74.0,"","","","",1,74.0,74.0,74.0,74.0
MedicalTerm,ALP,60,{U}/L,84.0,"","","","",1,84.0,84.0,84.0,84.0
MedicalTerm,ALP,2051,IU/1,73.0,"","","","",1,73.0,73.0,73.0,73.0
MedicalTerm,ALT,276,u/L,28.492912,"","","","",253407,0.0,7812.0,12.0,47.0
MedicalTerm,ALT,154,iu/L,29.812134,"","","","",227252,0.0,2123.0,12.0,49.0
MedicalTerm,ALT,852,iu/L(37C),33.57283,"","","","",714,5.0,2722.0,13.0,49.0
MedicalTerm,ALT,44,/uL,23.954838,"","","","",310,6.0,562.0,11.0,31.0
MedicalTerm,ALT,153,IU,33.800674,"","","","",296,6.0,159.0,15.0,61.0
MedicalTerm,ALT,49,[iU]/L,38.303135,"","","","",287,10.0,375.0,14.0,66.0
MedicalTerm,ALT,953,units/l,43.628906,"","","","",256,1.0,306.0,14.0,86.0
MedicalTerm,ALT,923,Unknown,29.023077,"","","","",130,6.0,166.0,12.0,49.0
MedicalTerm,ALT,2209,ALT/SGPT serum level,20.647058,"","","","",51,0.0,197.0,0.0,36.0
MedicalTerm,ALT,277,U/mL,29.530613,"","","","",49,14.0,84.0,17.0,51.0
MedicalTerm,ALT,1155,(Unknown),30.416666,"","","","",48,9.0,97.0,13.0,58.0
MedicalTerm,ALT,1223,umol,24.78125,"","","","",32,10.0,59.0,15.0,44.0
MedicalTerm,ALT,1307,IU/L 37C,22.875,"","","","",32,6.0,68.0,11.0,28.0
MedicalTerm,ALT,1268,lu/l,33.827587,"","","","",29,13.0,86.0,19.0,45.0
MedicalTerm,ALT,405,UNKNOWN UNITS,25.565218,"","","","",23,16.0,52.0,16.0,35.0
MedicalTerm,ALT,151,i.u./l,43.46154,"","","","",13,8.0,100.0,18.0,67.0
MedicalTerm,ALT,218,mmol/L,27.25,"","","","",12,0.0,72.0,11.0,46.0
MedicalTerm,ALT,4479,IUL,51.25,"","","","",4,44.0,66.0,44.0,66.0
MedicalTerm,ALT,3922,i.u/l,195.0,"","","","",3,15.0,515.0,15.0,515.0
MedicalTerm,ALT,285,umol/L,24.666666,"","","","",3,10.0,48.0,10.0,48.0
MedicalTerm,ALT,4303,ui/l,20.666666,"","","","",3,17.0,23.0,17.0,23.0
MedicalTerm,ALT,4548,U/L@37,18.0,"","","","",2,12.0,24.0,12.0,24.0
MedicalTerm,ALT,5877,ALT - blood level,0.0,"","","","",1,0.0,0.0,0.0,0.0
MedicalTerm,ALT,283,ug/L,28.0,"","","","",1,28.0,28.0,28.0,28.0
MedicalTerm,ALT,531,U,71.0,"","","","",1,71.0,71.0,71.0,71.0
MedicalTerm,AST,154,iu/L,31.110739,"","","","",51461,0.0,1594.0,17.0,48.0
MedicalTerm,AST,276,u/L,31.551773,"","","","",26596,0.0,1494.0,17.0,48.0
MedicalTerm,AST,3546,AST - aspartate transam.(SGOT),5.1354165,"","","","",96,0.0,36.0,0.0,23.0
MedicalTerm,AST,49,[iU]/L,33.059525,"","","","",84,14.0,167.0,17.0,68.0
MedicalTerm,AST,153,IU,41.01923,"","","","",52,15.0,133.0,18.0,90.0
MedicalTerm,AST,1155,(Unknown),27.875,"","","","",40,15.0,61.0,19.0,44.0
MedicalTerm,AST,151,i.u./l,23.444445,"","","","",9,15.0,40.0,15.0,28.0
MedicalTerm,AST,953,units/l,28.0,"","","","",7,22.0,41.0,24.0,30.0
MedicalTerm,AST,218,mmol/L,37.5,"","","","",6,18.0,86.0,21.0,86.0
MedicalTerm,AST,923,Unknown,17.2,"","","","",5,14.0,27.0,14.0,27.0
MedicalTerm,AST,521,R,51.0,"","","","",5,18.0,125.0,18.0,125.0
MedicalTerm,AST,852,iu/L(37C),53.25,"","","","",4,20.0,123.0,20.0,123.0
MedicalTerm,AST,11134,IU 37 C,24.666666,"","","","",3,23.0,27.0,23.0,27.0
MedicalTerm,AST,2411,Units/litre,19.666666,"","","","",3,17.0,23.0,17.0,23.0
MedicalTerm,AST,9539,IUL/L,35.5,"","","","",2,20.0,51.0,20.0,51.0
MedicalTerm,AST,405,UNKNOWN UNITS,22.5,"","","","",2,20.0,25.0,20.0,25.0
MedicalTerm,AST,1873,IU/I,21.0,"","","","",2,21.0,21.0,21.0,21.0
MedicalTerm,AST,4479,IUL,25.0,"","","","",2,25.0,25.0,25.0,25.0
MedicalTerm,AST,1386,[iU],29.0,"","","","",1,29.0,29.0,29.0,29.0
MedicalTerm,CA125,159,ku/L,37.307236,"","","","",1808,0.0,8823.0,6.0,36.0
MedicalTerm,CA125,277,U/mL,35.067078,"","","","",969,1.4,5954.0,6.0,30.0
MedicalTerm,CA125,155,iu/ml,73.84186,"","","","",504,2.0,13254.0,6.0,34.3
MedicalTerm,CA125,371,kiu/L,36.657608,"","","","",92,2.0,622.0,6.0,46.0
MedicalTerm,CA125,218,mmol/L,26.303999,"","","","",25,4.6,150.0,5.8,83.0
MedicalTerm,CA125,288,units,9.914286,"","","","",7,5.0,16.0,5.0,14.0
MedicalTerm,CA125,283,ug/L,4.9666667,"","","","",3,1.0,12.0,1.0,12.0
MedicalTerm,CA125,276,u/L,9.333333,"","","","",3,6.0,14.0,6.0,14.0
MedicalTerm,CA125,154,iu/L,10.133334,"","","","",3,3.3,15.1,3.3,15.1
MedicalTerm,CA125,405,UNKNOWN UNITS,17.066668,"","","","",3,11.0,22.6,11.0,22.6
MedicalTerm,CA125,1199,/mL,7.6,"","","","",2,4.2,11.0,4.2,11.0
MedicalTerm,CA125,50,[iU]/mL,11.2,"","","","",1,11.2,11.2,11.2,11.2
MedicalTerm,CA125,229,mu/L,6.0,"","","","",1,6.0,6.0,6.0,6.0
MedicalTerm,CA125,153,IU,20.0,"","","","",1,20.0,20.0,20.0,20.0
MedicalTerm,CA125,1,%,22.3,"","","","",1,22.3,22.3,22.3,22.3
MedicalTerm,CRP,183,mg/L,15.13845,"","","","",105772,-5.0,897.0,1.0,36.0
MedicalTerm,CRP,260,ratio,30.079231,"","","","",547,0.0,332.0,2.0,74.0
MedicalTerm,CRP,186,mg/mmol,5.757143,"","","","",35,1.0,30.5,1.0,15.0
MedicalTerm,CRP,832,ug/ml,6.3333335,"","","","",30,0.0,58.0,1.0,9.0
MedicalTerm,CRP,218,mmol/L,15.1904745,"","","","",21,2.7,65.0,3.1,36.0
MedicalTerm,CRP,3535,Plasma C reactive protein,6.6363635,"","","","",11,0.0,73.0,0.0,0.0
MedicalTerm,CRP,986,Not given,6.5,"","","","",10,3.0,15.0,3.0,13.0
MedicalTerm,CRP,1155,(Unknown),17.225,"","","","",8,4.0,38.0,5.0,29.5
MedicalTerm,CRP,405,UNKNOWN UNITS,19.0,"","","","",4,3.0,37.0,3.0,37.0
MedicalTerm,CRP,285,umol/L,6.05,"","","","",4,1.2,13.0,1.2,13.0
MedicalTerm,CRP,2931,mg/Le,21.0,"","","","",3,4.0,48.0,4.0,48.0
MedicalTerm,CRP,138,g/dL,10.4,"","","","",1,10.4,10.4,10.4,10.4
MedicalTerm,CRP,288,units,133.0,"","","","",1,133.0,133.0,133.0,133.0
MedicalTerm,CRP,154,iu/L,8.0,"","","","",1,8.0,8.0,8.0,8.0
MedicalTerm,CRP,283,ug/L,16.7,"","","","",1,16.7,16.7,16.7,16.7
MedicalTerm,CRP,178,mg,2.0,"","","","",1,2.0,2.0,2.0,2.0
MedicalTerm,CRP,232,ng/L,9.0,"","","","",1,9.0,9.0,9.0,9.0
MedicalTerm,CRP,199,mIU/L,0.01,"","","","",1,0.01,0.01,0.01,0.01
MedicalTerm,CRP,4807,mg//l,26.0,"","","","",1,26.0,26.0,26.0,26.0
MedicalTerm,CRP,182,MG/DL,0.4,"","","","",1,0.4,0.4,0.4,0.4
MedicalTerm,ESR,211,mm/h,20.116394,"","","","",77409,0.0,601.0,2.0,46.0
MedicalTerm,ESR,214,mm/hr,19.57034,"","","","",17476,0.0,150.0,2.0,44.0
MedicalTerm,ESR,209,mm,22.964554,"","","","",5332,0.0,130.0,4.0,52.0
MedicalTerm,ESR,213,mm/hour,20.408054,"","","","",4576,0.0,140.0,2.0,49.0
MedicalTerm,ESR,615,mm/1 hr,17.73524,"","","","",1643,0.0,119.0,0.0,40.0
MedicalTerm,ESR,1035,mm1st hr,17.63463,"","","","",1363,1.0,140.0,2.0,39.0
MedicalTerm,ESR,1313,mm in 1Hr,22.327559,"","","","",1212,1.0,137.0,4.0,46.0
MedicalTerm,ESR,366,mm/1Hr,17.00579,"","","","",518,1.0,121.0,4.0,39.0
MedicalTerm,ESR,963,mm/1stHr,19.84585,"","","","",506,2.0,126.0,2.0,46.0
MedicalTerm,ESR,1233,mm/1st Hour,20.126583,"","","","",316,2.0,122.0,4.0,46.0
MedicalTerm,ESR,1178,MM 1stHR,17.700964,"","","","",311,1.0,79.0,5.0,39.0
MedicalTerm,ESR,854,mm in 1 hr,21.291803,"","","","",305,1.0,128.0,5.0,44.0
MedicalTerm,ESR,405,UNKNOWN UNITS,15.6029415,"","","","",204,1.0,91.0,3.0,37.0
MedicalTerm,ESR,1498,/hour,19.666666,"","","","",183,2.0,132.0,5.0,37.0
MedicalTerm,ESR,363,MM /HR,18.576271,"","","","",118,2.0,76.0,5.0,45.0
MedicalTerm,ESR,951,mm/1st Hr,19.38835,"","","","",103,1.0,86.0,4.0,41.0
MedicalTerm,ESR,1058,mm 1st h,21.3,"","","","",100,1.0,106.0,2.0,57.0
MedicalTerm,ESR,1154,mm in 1 hour,29.01389,"","","","",72,2.0,121.0,5.0,72.0
MedicalTerm,ESR,393,mm/1 Hour,22.818182,"","","","",66,1.0,85.0,7.0,45.0
MedicalTerm,ESR,910,mm 1st Hr,22.085106,"","","","",47,2.0,120.0,3.0,51.0
MedicalTerm,ESR,923,Unknown,27.682926,"","","","",41,3.0,90.0,8.0,41.0
MedicalTerm,ESR,795,mms/hr,20.15,"","","","",40,2.0,90.0,2.0,65.0
MedicalTerm,ESR,1011,mm/hr.,10.714286,"","","","",35,2.0,42.0,2.0,27.0
MedicalTerm,ESR,1155,(Unknown),16.5625,"","","","",32,2.0,36.0,5.0,30.0
MedicalTerm,ESR,5741,mm/1st Hr.,13.538462,"","","","",13,2.0,27.0,4.0,22.0
MedicalTerm,ESR,2139,mm per hour,12.3,"","","","",10,2.0,28.0,3.0,22.0
MedicalTerm,ESR,1391,MM 1stH,12.1,"","","","",10,1.0,31.0,1.0,26.0
MedicalTerm,ESR,1,%,14.222222,"","","","",9,2.0,45.0,5.0,28.0
MedicalTerm,ESR,153,IU,5.111111,"","","","",9,2.0,10.0,2.0,7.0
MedicalTerm,ESR,2577,150,34.42857,"","","","",7,5.0,99.0,10.0,68.0
MedicalTerm,ESR,260,ratio,24.166666,"","","","",6,9.0,57.0,13.0,57.0
MedicalTerm,ESR,63,0,29.666666,"","","","",6,14.0,42.0,16.0,42.0
MedicalTerm,ESR,1088,mm fall in 1 hour,11.4,"","","","",5,2.0,44.0,2.0,44.0
MedicalTerm,ESR,1892,mm(WEST),17.5,"","","","",4,4.0,47.0,4.0,47.0
MedicalTerm,ESR,64,1,9.666667,"","","","",3,2.0,19.0,2.0,19.0
MedicalTerm,ESR,13715,"mm/hr ,",29.5,"","","","",2,7.0,52.0,7.0,52.0
MedicalTerm,ESR,218,mmol/L,22.5,"","","","",2,7.0,38.0,7.0,38.0
MedicalTerm,ESR,4561,MMH,7.5,"","","","",2,6.0,9.0,6.0,9.0
MedicalTerm,ESR,41,/min,14.0,"","","","",2,5.0,23.0,5.0,23.0
MedicalTerm,ESR,1254,mm/1hr(WES),6.0,"","","","",2,4.0,8.0,4.0,8.0
MedicalTerm,ESR,4038,mm in 1h,11.0,"","","","",1,11.0,11.0,11.0,11.0
MedicalTerm,ESR,5900,ESR normal,0.0,"","","","",1,0.0,0.0,0.0,0.0
MedicalTerm,ESR,138,g/dL,10.4,"","","","",1,10.4,10.4,10.4,10.4
MedicalTerm,ESR,4153,Erythrocyte sedimentation rate,5.0,"","","","",1,5.0,5.0,5.0,5.0
MedicalTerm,ESR,866,/h,16.0,"","","","",1,16.0,16.0,16.0,16.0
MedicalTerm,GGT,276,u/L,84.856674,"","","","",102997,0.0,25746.0,15.0,173.0
MedicalTerm,GGT,154,iu/L,95.16312,"","","","",65985,0.0,5835.0,16.0,212.0
MedicalTerm,GGT,151,i.u./l,128.91086,"","","","",1299,0.0,2942.0,16.0,291.0
MedicalTerm,GGT,153,IU,68.23733,"","","","",434,8.0,1453.0,17.0,119.0
MedicalTerm,GGT,44,/uL,46.303032,"","","","",264,9.0,865.0,15.0,82.0
MedicalTerm,GGT,49,[iU]/L,84.2381,"","","","",84,7.0,627.0,16.0,225.0
MedicalTerm,GGT,1870,H IU/L,186.91837,"","","","",49,11.0,2706.0,20.0,374.0
MedicalTerm,GGT,1155,(Unknown),32.07317,"","","","",41,6.0,136.0,12.0,52.0
MedicalTerm,GGT,155,iu/ml,60.22222,"","","","",36,9.0,893.0,14.0,101.0
MedicalTerm,GGT,1223,umol,65.96875,"","","","",32,17.0,268.0,25.0,174.0
MedicalTerm,GGT,405,UNKNOWN UNITS,111.833336,"","","","",18,15.0,288.0,29.0,193.0
MedicalTerm,GGT,531,U,82.875,"","","","",16,23.0,320.0,40.0,185.0
MedicalTerm,GGT,852,iu/L(37C),180.57143,"","","","",14,12.0,1083.0,14.0,389.0
MedicalTerm,GGT,953,units/l,146.14285,"","","","",14,13.0,351.0,25.0,252.0
MedicalTerm,GGT,1268,lu/l,36.923077,"","","","",13,15.0,56.0,24.0,56.0
MedicalTerm,GGT,2051,IU/1,24.09091,"","","","",11,13.0,67.0,14.0,47.0
MedicalTerm,GGT,285,umol/L,28.5,"","","","",10,10.0,58.0,19.0,51.0
MedicalTerm,GGT,923,Unknown,49.75,"","","","",8,10.0,98.0,30.0,86.0
MedicalTerm,GGT,521,R,44.0,"","","","",6,13.0,84.0,21.0,84.0
MedicalTerm,GGT,2346,risk,309.4,"","","","",5,66.0,918.0,66.0,918.0
MedicalTerm,GGT,11134,IU 37 C,21.333334,"","","","",3,12.0,27.0,12.0,27.0
MedicalTerm,GGT,999,uL,41.333332,"","","","",3,20.0,52.0,20.0,52.0
MedicalTerm,GGT,277,U/mL,64.5,"","","","",2,63.0,66.0,63.0,66.0
MedicalTerm,GGT,218,mmol/L,63.5,"","","","",2,45.0,82.0,45.0,82.0
MedicalTerm,GGT,283,ug/L,47.0,"","","","",1,47.0,47.0,47.0,47.0
MedicalTerm,GGT,1307,IU/L 37C,45.0,"","","","",1,45.0,45.0,45.0,45.0
MedicalTerm,GGT,1386,[iU],12.0,"","","","",1,12.0,12.0,12.0,12.0
MedicalTerm,GGT,9679,Gamma GT,75.0,"","","","",1,75.0,75.0,75.0,75.0
MedicalTerm,HbA1c,220,mmol/mol,49.66913,"","","","",166114,-8.0,60000.0,36.0,69.0
MedicalTerm,HbA1c,1,%,7.548621,"","","","",80281,0.0,609.0,5.7,9.4
MedicalTerm,HbA1c,246,per cent,7.76545,"","","","",4147,0.067,107.0,5.8,9.7
MedicalTerm,HbA1c,879,IFCCmmol/mol,47.237495,"","","","",2939,20.0,136.0,36.0,64.0
MedicalTerm,HbA1c,892,mmol/molHb,49.35869,"","","","",2481,19.0,153.0,37.0,68.0
MedicalTerm,HbA1c,1043,% total Hb,7.032247,"","","","",1541,3.6,15.0,5.6,8.9
MedicalTerm,HbA1c,849,%Hb,6.946047,"","","","",1277,4.5,15.4,5.6,8.4
MedicalTerm,HbA1c,1396,% Tot.Hb,7.3186207,"","","","",783,4.0,12.8,5.9,9.4
MedicalTerm,HbA1c,916,mmol/mol HbA0,51.754475,"","","","",782,29.0,134.0,37.0,70.0
MedicalTerm,HbA1c,154,iu/L,7.4312286,"","","","",770,3.3,15.7,5.6,9.4
MedicalTerm,HbA1c,912,DCCT %,7.115118,"","","","",708,4.9,16.5,5.7,9.2
MedicalTerm,HbA1c,1031,mM/M,48.53148,"","","","",683,27.0,138.0,36.0,67.0
MedicalTerm,HbA1c,1675,mmol/mol Hb,55.18868,"","","","",636,22.0,130.0,40.0,72.0
MedicalTerm,HbA1c,355,% of Hb,7.050528,"","","","",473,4.1,13.9,5.5,9.1
MedicalTerm,HbA1c,1192,% HB.,7.0538254,"","","","",405,4.7,15.4,5.6,8.8
MedicalTerm,HbA1c,2,% HB,7.301536,"","","","",390,4.4,15.4,5.7,9.1
MedicalTerm,HbA1c,897,HbA1c,8.697755,"","","","",370,0.0,61.0,5.4,9.6
MedicalTerm,HbA1c,1677,HbA1c level,8.153634,"","","","",220,0.0,70.0,6.1,9.7
MedicalTerm,HbA1c,405,UNKNOWN UNITS,7.229443,"","","","",197,3.5,15.2,5.7,9.0
MedicalTerm,HbA1c,1594,% of total,6.7289357,"","","","",197,4.1,12.7,4.8,9.1
MedicalTerm,HbA1c,2758,% (DCCT),7.529825,"","","","",171,4.8,13.1,5.9,9.7
MedicalTerm,HbA1c,288,units,8.325702,"","","","",135,5.0,58.0,5.8,8.5
MedicalTerm,HbA1c,860,% total haemoglobin,7.3008065,"","","","",124,5.1,10.5,5.8,8.8
MedicalTerm,HbA1c,218,mmol/L,20.603092,"","","","",97,4.5,106.6,5.7,60.0
MedicalTerm,HbA1c,1844,%Tot.,7.612903,"","","","",93,4.4,13.2,5.4,10.7
MedicalTerm,HbA1c,2161,% Haemoglobin A,7.8090925,"","","","",88,4.9,12.7,6.0,10.7
MedicalTerm,HbA1c,77,10*9/L,0.006321839,"","","","",87,0.0,0.21,0.0,0.0
MedicalTerm,HbA1c,2824,mmol/mmHb,55.305557,"","","","",72,30.0,111.0,38.0,75.0
MedicalTerm,HbA1c,1282,percent,7.8000007,"","","","",67,5.4,12.5,6.5,9.3
MedicalTerm,HbA1c,917,mmol/m,55.57627,"","","","",59,30.0,115.0,37.0,75.0
MedicalTerm,HbA1c,332,mmol,49.984318,"","","","",51,5.7,106.0,24.0,77.0
MedicalTerm,HbA1c,219,mmol/mmol,51.77959,"","","","",49,33.0,112.0,39.0,72.0
MedicalTerm,HbA1c,1697,Hb. A1C 7-10% - borderline,0.97560966,"","","","",41,0.0,9.5,0.0,7.0
MedicalTerm,HbA1c,733,Hb. A1C < 7% - good control,0.95142853,"","","","",35,0.0,7.0,0.0,6.7
MedicalTerm,HbA1c,3111,(bsa),6.8458333,"","","","",24,5.8,8.8,6.0,7.5
MedicalTerm,HbA1c,1155,(Unknown),7.354545,"","","","",22,6.0,12.6,6.2,8.7
MedicalTerm,HbA1c,923,Unknown,7.357895,"","","","",19,6.1,10.1,6.4,8.4
MedicalTerm,HbA1c,3554,Hb. A1C > 10% - bad control,0.0,"","","","",14,0.0,0.0,0.0,0.0
MedicalTerm,HbA1c,959,umol/mol,49.666668,"","","","",12,33.0,70.0,34.0,64.0
MedicalTerm,HbA1c,2990,DCCT%,7.6666675,"","","","",12,5.4,10.2,5.8,9.6
MedicalTerm,HbA1c,1595,mmmol/l,7.9,"","","","",10,6.9,8.7,7.4,8.2
MedicalTerm,HbA1c,186,mg/mmol,21.719997,"","","","",10,0.4,45.0,0.9,43.0
MedicalTerm,HbA1c,334,/L,7.5555553,"","","","",9,6.3,8.4,7.1,8.4
MedicalTerm,HbA1c,2290,frac. of total,9.625001,"","","","",8,8.2,12.7,8.7,10.8
MedicalTerm,HbA1c,1570,% of total Hb,10.05,"","","","",8,7.8,13.6,8.0,11.4
MedicalTerm,HbA1c,2985,mmol/ml,46.0875,"","","","",8,8.0,68.0,11.7,65.0
MedicalTerm,HbA1c,22120,,7.071429,"","","","",7,6.5,8.0,7.0,7.0
MedicalTerm,HbA1c,64,1,7.8571424,"","","","",7,6.1,12.9,6.2,9.1
MedicalTerm,HbA1c,235,nmol/L,34.916668,"","","","",6,8.2,63.0,10.4,63.0
MedicalTerm,HbA1c,1047,-,56.2,"","","","",5,41.0,78.0,41.0,78.0
MedicalTerm,HbA1c,6210,mmol/mol HbAo,57.5,"","","","",4,39.0,76.0,39.0,76.0
MedicalTerm,HbA1c,139,g/L,113.25,"","","","",4,93.0,147.0,93.0,147.0
MedicalTerm,HbA1c,603,h,19.324999,"","","","",4,5.8,57.0,5.8,57.0
MedicalTerm,HbA1c,1905,% HbA0,5.8666663,"","","","",3,5.3,6.2,5.3,6.2
MedicalTerm,HbA1c,3411,%(DCCT),5.933333,"","","","",3,5.5,6.2,5.5,6.2
MedicalTerm,HbA1c,138,g/dL,45.433334,"","","","",3,17.3,61.0,17.3,61.0
MedicalTerm,HbA1c,6427,% Haemoglobin,7.6000004,"","","","",2,7.4,7.8,7.4,7.8
MedicalTerm,HbA1c,1613,mmo1/1,8.1,"","","","",2,7.8,8.4,7.8,8.4
MedicalTerm,HbA1c,847,mmol/1,66.5,"","","","",2,50.0,83.0,50.0,83.0
MedicalTerm,HbA1c,153,IU,6.9,"","","","",2,5.9,7.9,5.9,7.9
MedicalTerm,HbA1c,3773,percentage,7.5,"","","","",2,6.4,8.6,6.4,8.6
MedicalTerm,HbA1c,3795,unit%,6.7,"","","","",1,6.7,6.7,6.7,6.7
MedicalTerm,HbA1c,9973,mml/mol,49.0,"","","","",1,49.0,49.0,49.0,49.0
MedicalTerm,HbA1c,8734,Glycosylated Hb,0.0,"","","","",1,0.0,0.0,0.0,0.0
MedicalTerm,HbA1c,3037,HbA1 - diabetic control,0.0,"","","","",1,0.0,0.0,0.0,0.0
MedicalTerm,HbA1c,3523,HbA1c level (DCCT aligned),0.0,"","","","",1,0.0,0.0,0.0,0.0
MedicalTerm,HbA1c,2321,mmols/mol,54.0,"","","","",1,54.0,54.0,54.0,54.0
MedicalTerm,HbA1c,1748,%HbA1c,7.6,"","","","",1,7.6,7.6,7.6,7.6
MedicalTerm,HbA1c,49,[iU]/L,8.8,"","","","",1,8.8,8.8,8.8,8.8
MedicalTerm,HbA1c,11001,IFCC mmol/mol,38.0,"","","","",1,38.0,38.0,38.0,38.0
MedicalTerm,HbA1c,6557,HbA1 > 10% - bad control,0.0,"","","","",1,0.0,0.0,0.0,0.0
MedicalTerm,HbA1c,63,0,7.9,"","","","",1,7.9,7.9,7.9,7.9
MedicalTerm,Hemoglobin,139,g/L,132.53569,"","","","",276655,0.0,321.0,109.0,154.0
MedicalTerm,Hemoglobin,138,g/dL,16.306234,"","","","",247100,0.0,460884.0,11.4,15.7
MedicalTerm,Hemoglobin,1339,gms/dl,15.7998085,"","","","",524,4.0,162.0,12.0,16.1
MedicalTerm,Hemoglobin,656,g/dL.,13.56528,"","","","",265,5.7,17.4,11.3,15.8
MedicalTerm,Hemoglobin,1155,(Unknown),13.971014,"","","","",69,10.2,17.1,11.6,15.7
MedicalTerm,Hemoglobin,840,gm/dl,12.361291,"","","","",31,7.6,16.1,9.8,15.1
MedicalTerm,Hemoglobin,923,Unknown,13.985185,"","","","",27,12.0,16.8,12.7,15.2
MedicalTerm,Hemoglobin,220,mmol/mol,63.31579,"","","","",19,37.0,96.0,41.0,87.0
MedicalTerm,Hemoglobin,1,%,10.566667,"","","","",12,1.8,14.4,5.2,13.2
MedicalTerm,Hemoglobin,321,x 10*9/L,14.485715,"","","","",7,12.5,16.5,13.3,15.3
MedicalTerm,Hemoglobin,484,Hb estimation,0.0,"","","","",7,0.0,0.0,0.0,0.0
MedicalTerm,Hemoglobin,986,Not given,12.950001,"","","","",2,12.1,13.8,12.1,13.8
MedicalTerm,Hemoglobin,246,per cent,4.55,"","","","",2,0.0,9.1,0.0,9.1
MedicalTerm,Hemoglobin,162,l/l,0.396,"","","","",2,0.385,0.407,0.385,0.407
MedicalTerm,Hemoglobin,3570,Haemoglobin low,0.0,"","","","",2,0.0,0.0,0.0,0.0
MedicalTerm,Hemoglobin,3697,Haemoglobin normal,0.0,"","","","",2,0.0,0.0,0.0,0.0
MedicalTerm,Hemoglobin,6035,Haemoglobin requested,0.0,"","","","",1,0.0,0.0,0.0,0.0
MedicalTerm,Hemoglobin,134,fL,98.0,"","","","",1,98.0,98.0,98.0,98.0
MedicalTerm,Hemoglobin,2600,g/li,132.0,"","","","",1,132.0,132.0,132.0,132.0
MedicalTerm,Hemoglobin,51,_,10.1,"","","","",1,10.1,10.1,10.1,10.1
MedicalTerm,Hemoglobin,283,ug/L,11.0,"","","","",1,11.0,11.0,11.0,11.0
MedicalTerm,Hemoglobin,160,l,108.0,"","","","",1,108.0,108.0,108.0,108.0
MedicalTerm,Hemoglobin,6,*10^9/l,16.1,"","","","",1,16.1,16.1,16.1,16.1
MedicalTerm,Hemoglobin,413,x10^12,3.64,"","","","",1,3.64,3.64,3.64,3.64
MedicalTerm,MCH,250,pg,30.307709,"","","","",480589,0.0,342.0,27.5,33.0
MedicalTerm,MCH,251,pg/cell,30.763386,"","","","",2686,11.0,39.8,28.4,33.3
MedicalTerm,MCH,138,g/dL,31.062534,"","","","",1968,18.4,44.9,28.3,33.7
MedicalTerm,MCH,360,pg/cl,30.474634,"","","","",1366,3.7,38.5,27.6,33.0
MedicalTerm,MCH,196,micromicgrams,30.07094,"","","","",1012,16.6,85.0,26.6,32.7
MedicalTerm,MCH,405,UNKNOWN UNITS,30.652271,"","","","",350,24.0,36.0,27.9,33.1
MedicalTerm,MCH,923,Unknown,30.61619,"","","","",105,18.0,34.6,28.1,32.9
MedicalTerm,MCH,1295,pg.,30.016129,"","","","",62,25.7,35.3,26.9,32.7
MedicalTerm,MCH,1155,(Unknown),28.698076,"","","","",52,24.1,33.1,25.0,31.4
MedicalTerm,MCH,252,pg/l,30.422497,"","","","",40,23.3,34.8,27.6,33.0
MedicalTerm,MCH,139,g/L,90.075,"","","","",36,26.2,350.0,28.2,330.0
MedicalTerm,MCH,134,fL,68.61428,"","","","",7,9.3,101.4,10.1,100.0
MedicalTerm,MCH,1795,micrograms,26.64,"","","","",5,20.1,31.4,20.1,31.4
MedicalTerm,MCH,404,pg/dL,31.650002,"","","","",4,29.9,34.0,29.9,34.0
MedicalTerm,MCH,307,x10^9/l,31.2,"","","","",2,29.6,32.8,29.6,32.8
MedicalTerm,MCH,986,Not given,30.0,"","","","",2,29.7,30.3,29.7,30.3
MedicalTerm,MCH,218,mmol/L,33.5,"","","","",2,33.0,34.0,33.0,34.0
MedicalTerm,MVC,134,fL,91.563614,"","","","",507882,0.0,9130.4,84.3,99.0
MedicalTerm,MVC,198,microns,89.88105,"","","","",2454,0.0,135.5,82.5,98.0
MedicalTerm,MVC,957,f/L,92.71849,"","","","",1637,64.0,133.0,85.0,101.0
MedicalTerm,MVC,364,femto L,91.924736,"","","","",1342,55.0,112.0,86.0,98.0
MedicalTerm,MVC,1329,fl.,88.80477,"","","","",105,73.4,99.8,81.7,93.9
MedicalTerm,MVC,1155,(Unknown),91.04284,"","","","",63,83.5,103.2,85.7,97.3
MedicalTerm,MVC,986,Not given,88.32728,"","","","",33,74.2,92.8,83.8,92.0
MedicalTerm,MVC,1,%,48.877777,"","","","",18,2.4,95.8,3.3,90.9
MedicalTerm,MVC,923,Unknown,91.16364,"","","","",11,76.4,96.6,90.2,93.9
MedicalTerm,MVC,405,UNKNOWN UNITS,90.63636,"","","","",11,79.0,106.0,80.0,101.0
MedicalTerm,MVC,1214,f1,89.028564,"","","","",7,86.8,93.4,86.8,91.1
MedicalTerm,MVC,77,10*9/L,8.9,"","","","",2,8.2,9.6,8.2,9.6
MedicalTerm,MVC,656,g/dL.,35.1,"","","","",1,35.1,35.1,35.1,35.1
MedicalTerm,MVC,3450,MCV - low,0.0,"","","","",1,0.0,0.0,0.0,0.0
MedicalTerm,MVC,3558,MCV - raised,0.0,"","","","",1,0.0,0.0,0.0,0.0
MedicalTerm,MVC,155,iu/ml,0.5,"","","","",1,0.5,0.5,0.5,0.5
MedicalTerm,MVC,1949,fg,86.0,"","","","",1,86.0,86.0,86.0,86.0
MedicalTerm,TIBC,283,ug/L,153.11383,"","","","",67995,0.0,21767.0,17.0,342.0
MedicalTerm,TIBC,233,ng/mL,144.04263,"","","","",8270,0.0,8140.0,15.0,321.0
MedicalTerm,TIBC,285,umol/L,56.02298,"","","","",3349,2.0,485.0,39.0,74.0
MedicalTerm,TIBC,193,microg/L,173.8231,"","","","",1252,2.2,3169.9,17.2,396.5
MedicalTerm,TIBC,1,%,26.582964,"","","","",651,0.1,100.0,8.0,47.0
MedicalTerm,TIBC,1141,ng/ml.,86.55118,"","","","",127,6.0,1420.0,9.0,164.0
MedicalTerm,TIBC,218,mmol/L,51.15333,"","","","",45,2.0,187.0,18.0,80.0
MedicalTerm,TIBC,139,g/L,114.05882,"","","","",34,6.0,402.0,11.0,317.0
MedicalTerm,TIBC,183,mg/L,105.431244,"","","","",32,5.0,460.7,21.4,284.4
MedicalTerm,TIBC,197,micromol/L,63.591305,"","","","",23,11.0,92.0,46.5,84.0
MedicalTerm,TIBC,348,MicroU/L,144.55215,"","","","",23,9.3,489.0,23.9,291.6
MedicalTerm,TIBC,246,per cent,29.278574,"","","","",14,7.0,86.0,8.6,55.0
MedicalTerm,TIBC,1625,MICROGRAM/L,31.076923,"","","","",13,5.0,75.0,6.0,57.0
MedicalTerm,TIBC,666,mcg/l,76.87,"","","","",10,5.7,337.0,8.0,219.0
MedicalTerm,TIBC,22105,µg/L,352.74445,"","","","",9,16.0,921.0,16.7,560.0
MedicalTerm,TIBC,832,ug/ml,220.11665,"","","","",6,33.0,578.5,53.0,578.5
MedicalTerm,TIBC,1104,microgrms/l,265.0,"","","","",6,3.0,978.0,33.0,978.0
MedicalTerm,TIBC,22102,æg/l,364.25,"","","","",4,2.0,491.0,2.0,491.0
MedicalTerm,TIBC,6471,microgm/l,88.0,"","","","",3,48.0,133.0,48.0,133.0
MedicalTerm,TIBC,405,UNKNOWN UNITS,71.56667,"","","","",3,13.1,132.6,13.1,132.6
MedicalTerm,TIBC,1155,(Unknown),51.0,"","","","",3,36.0,59.0,36.0,59.0
MedicalTerm,TIBC,2826,micg/l,401.5,"","","","",2,397.0,406.0,397.0,406.0
MedicalTerm,TIBC,1998,ug/1,138.0,"","","","",1,138.0,138.0,138.0,138.0
MedicalTerm,TIBC,4178,microm/L,52.4,"","","","",1,52.4,52.4,52.4,52.4
MedicalTerm,TIBC,232,ng/L,36.0,"","","","",1,36.0,36.0,36.0,36.0
MedicalTerm,TIBC,1199,/mL,45.0,"","","","",1,45.0,45.0,45.0,45.0
MedicalTerm,TIBC,235,nmol/L,53.0,"","","","",1,53.0,53.0,53.0,53.0
MedicalTerm,TIBC,11477,(15-330),32.0,"","","","",1,32.0,32.0,32.0,32.0
MedicalTerm,TIBC,986,Not given,50.0,"","","","",1,50.0,50.0,50.0,50.0
MedicalTerm,TIBC,264,secs,11.3,"","","","",1,11.3,11.3,11.3,11.3
MedicalTerm,TIBC,939,MCG/ML,24.0,"","","","",1,24.0,24.0,24.0,24.0
MedicalTerm,TIBC,160,l,4.8,"","","","",1,4.8,4.8,4.8,4.8
MedicalTerm,WCC,77,10*9/L,7.277843,"","","","",379413,0.0,508.0,4.8,10.06
MedicalTerm,WCC,307,x10^9/l,7.9728613,"","","","",23152,0.0,15000.0,4.7,10.0
MedicalTerm,WCC,305,x10*9/L,7.200102,"","","","",21402,1.3,183.0,4.7,10.1
MedicalTerm,WCC,82,10^9/l,8.671227,"","","","",18284,0.0,12900.0,4.7,9.74
MedicalTerm,WCC,1,%,28.590586,"","","","",13918,0.0,86.7,17.0,40.5
MedicalTerm,WCC,69,10 9/L,7.4096055,"","","","",5079,1.75,108.02,5.1,9.95
MedicalTerm,WCC,321,x 10*9/L,7.30476,"","","","",4698,1.9,33.4,4.8,10.1
MedicalTerm,WCC,6,*10^9/l,7.5521545,"","","","",3952,0.0,155.0,4.6,10.61
MedicalTerm,WCC,76,10*9 cells/L,17.587618,"","","","",3851,0.0,27000.0,4.5,13.2
MedicalTerm,WCC,884,x10\S\9l,6.868805,"","","","",3838,1.5,21.7,4.5,9.4
MedicalTerm,WCC,431,x10^9,7.3742647,"","","","",3468,1.6,100.0,4.8,10.4
MedicalTerm,WCC,323,10^9,7.2928367,"","","","",1916,2.21,273.0,4.65,10.2
MedicalTerm,WCC,585,x 10^9/l,6.7804174,"","","","",1093,0.5,18.9,4.36,9.6
MedicalTerm,WCC,1250,10**9/L,7.0672407,"","","","",1047,2.6,21.6,4.5,10.1
MedicalTerm,WCC,1224,10*3/uL,7.756098,"","","","",968,2.6,18.1,5.0,11.0
MedicalTerm,WCC,862,10*9,7.118532,"","","","",938,2.6,21.5,4.8,9.98
MedicalTerm,WCC,433,x10e9/l,7.4438076,"","","","",646,2.4,29.6,5.2,10.0
MedicalTerm,WCC,79,10/9L,6.722821,"","","","",631,2.3,24.02,4.45,9.3
MedicalTerm,WCC,1243,x10^9l,6.6750126,"","","","",383,3.1,15.9,4.5,9.2
MedicalTerm,WCC,1354,x109/l,7.8267055,"","","","",334,3.5,16.3,4.8,11.2
MedicalTerm,WCC,1113,x 109/l,7.3005533,"","","","",289,2.69,22.6,4.96,9.64
MedicalTerm,WCC,75,10*6/L,254.67805,"","","","",255,1.0,13299.0,5.0,410.0
MedicalTerm,WCC,821,X10*9,6.8703213,"","","","",250,2.47,13.2,4.5,9.27
MedicalTerm,WCC,246,per cent,29.214724,"","","","",224,7.8,73.2,19.0,39.0
MedicalTerm,WCC,334,/L,7.9229274,"","","","",205,3.1,52.0,5.1,10.2
MedicalTerm,WCC,416,10^3/uL,7.309735,"","","","",188,3.7,13.4,4.9,10.6
MedicalTerm,WCC,160,l,6.818085,"","","","",188,1.0,13.7,4.8,9.0
MedicalTerm,WCC,1640,X 10 9/L,7.3840113,"","","","",172,1.8,42.5,3.4,10.09
MedicalTerm,WCC,392,x10 9/,7.2853518,"","","","",170,2.25,14.3,4.98,9.7
MedicalTerm,WCC,1045,10/9 l,6.9550314,"","","","",165,2.4,22.2,4.3,9.7
MedicalTerm,WCC,74,10*12/L,6.8915505,"","","","",142,2.9,16.0,4.6,9.0
MedicalTerm,WCC,1681,X 10-9/l,7.553812,"","","","",139,3.9,12.7,4.9,9.9
MedicalTerm,WCC,44,/uL,878.0147,"","","","",136,0.0,15865.0,3.0,1796.0
MedicalTerm,WCC,391,x10^6/L,1861.5581,"","","","",129,1.0,72395.0,5.0,4816.0
MedicalTerm,WCC,1094,% WBC,26.00945,"","","","",127,0.0,49.6,16.8,36.0
MedicalTerm,WCC,368,x10,7.3776717,"","","","",103,3.8,11.7,5.0,10.2
MedicalTerm,WCC,933,*10 9/l,6.8050523,"","","","",99,2.8,13.7,5.2,9.0
MedicalTerm,WCC,303,x10'9/l,6.6396546,"","","","",87,3.4,11.0,4.3,8.6
MedicalTerm,WCC,1147,x1O^9,7.6328945,"","","","",76,4.6,15.4,5.5,10.8
MedicalTerm,WCC,1034,x10 9/l,7.3585343,"","","","",75,4.0,17.3,4.7,10.9
MedicalTerm,WCC,1256,10*9/mL,7.04861,"","","","",72,4.2,12.6,5.1,9.6
MedicalTerm,WCC,923,Unknown,6.732676,"","","","",71,0.9,12.9,4.3,9.4
MedicalTerm,WCC,1155,(Unknown),7.866061,"","","","",66,3.9,30.0,4.8,11.2
MedicalTerm,WCC,1133,x10**9/l,6.96,"","","","",65,3.9,14.1,4.7,9.0
MedicalTerm,WCC,7048,x 10?'9/l,6.8042855,"","","","",63,2.4,13.2,3.3,9.8
MedicalTerm,WCC,254,pH,6.03718,"","","","",39,0.88,12.9,1.86,8.3
MedicalTerm,WCC,1581,x10/9 l,6.664866,"","","","",37,3.6,10.4,4.8,9.0
MedicalTerm,WCC,915,* 10^9/l,7.4225807,"","","","",31,4.0,12.1,5.0,11.0
MedicalTerm,WCC,826,10*3/L,6.6272426,"","","","",29,3.2,11.7,4.9,8.4
MedicalTerm,WCC,6580,x10 9/1,7.3342314,"","","","",26,3.5,15.3,4.4,9.5
MedicalTerm,WCC,218,mmol/L,7.0,"","","","",24,3.7,10.1,5.3,8.8
MedicalTerm,WCC,1084,mm3,345.83334,"","","","",24,10.0,1000.0,15.0,1000.0
MedicalTerm,WCC,2799,10*9/,8.099998,"","","","",22,4.8,14.2,6.4,10.3
MedicalTerm,WCC,1194,10/9/l,7.3272724,"","","","",22,4.8,12.2,5.7,9.6
MedicalTerm,WCC,1626,10e9/l,8.455,"","","","",20,2.4,72.0,2.6,9.1
MedicalTerm,WCC,209,mm,120.5,"","","","",20,10.0,1000.0,10.0,200.0
MedicalTerm,WCC,1072,x10*6/L,687.8947,"","","","",19,1.0,10099.0,3.0,415.0
MedicalTerm,WCC,347,10*-2,10.8052635,"","","","",19,5.02,24.99,5.26,20.33
MedicalTerm,WCC,421,.,8.594445,"","","","",18,5.0,15.0,5.2,11.6
MedicalTerm,WCC,67,10,7.725293,"","","","",17,4.6,14.6,5.2,11.5
MedicalTerm,WCC,407,10*3/mL,7.8333325,"","","","",12,4.1,11.7,5.1,9.6
MedicalTerm,WCC,2699,WBC/mm3,6.790909,"","","","",11,3.8,14.1,3.8,11.1
MedicalTerm,WCC,1271,x10\S\9/L,7.9909086,"","","","",11,5.0,12.8,5.2,11.0
MedicalTerm,WCC,895,/mm*3,24.11111,"","","","",9,0.0,100.0,1.0,100.0
MedicalTerm,WCC,934,WBC/mL,20.0,"","","","",9,10.0,100.0,10.0,10.0
MedicalTerm,WCC,2429,H x10*9/L,6.9799995,"","","","",5,4.7,8.4,4.7,8.4
MedicalTerm,WCC,1949,fg,7.15,"","","","",4,5.1,10.2,5.1,10.2
MedicalTerm,WCC,64,1,5.5,"","","","",4,4.6,6.1,4.6,6.1
MedicalTerm,WCC,986,Not given,7.133333,"","","","",3,1.0,13.3,1.0,13.3
MedicalTerm,WCC,1422,10^6/L,115.0,"","","","",2,30.0,200.0,30.0,200.0
MedicalTerm,WCC,2994,*10^9/1,12.2,"","","","",2,12.2,12.2,12.2,12.2
MedicalTerm,WCC,1915,x 10^9,7.5499997,"","","","",2,5.7,9.4,5.7,9.4
MedicalTerm,WCC,283,ug/L,0.75,"","","","",2,0.3,1.2,0.3,1.2
MedicalTerm,WCC,229,mu/L,7.0,"","","","",1,7.0,7.0,7.0,7.0
MedicalTerm,WCC,1204,109/l,0.6,"","","","",1,0.6,0.6,0.6,0.6
MedicalTerm,WCC,6594,x *10^9/1,8.7,"","","","",1,8.7,8.7,8.7,8.7
MedicalTerm,WCC,65,1/1,7.9,"","","","",1,7.9,7.9,7.9,7.9
MedicalTerm,WCC,1196,(ph),6.1,"","","","",1,6.1,6.1,6.1,6.1
MedicalTerm,WCC,531,U,11.9,"","","","",1,11.9,11.9,11.9,11.9
MedicalTerm,WCC,1131,10\S\9/L,11.9,"","","","",1,11.9,11.9,11.9,11.9
MedicalTerm,WCC,4217,1000million/l,6.3,"","","","",1,6.3,6.3,6.3,6.3
MedicalTerm,WCC,3376,#M ( )/L,8.9,"","","","",1,8.9,8.9,8.9,8.9
MedicalTerm,WCC,2421,/cmm,8.0,"","","","",1,8.0,8.0,8.0,8.0
MedicalTerm,WCC,1943,x10/l,7.7,"","","","",1,7.7,7.7,7.7,7.7
MedicalTerm,albumin_serum,139,g/L,41.009995,"","","","",546235,0.0,474.0,35.6,46.0
MedicalTerm,albumin_serum,1155,(Unknown),43.473682,"","","","",57,35.0,50.0,41.0,46.0
MedicalTerm,albumin_serum,183,mg/L,33.692307,"","","","",39,0.0,153.0,4.0,47.0
MedicalTerm,albumin_serum,138,g/dL,40.07143,"","","","",14,25.0,48.0,27.0,45.0
MedicalTerm,albumin_serum,218,mmol/L,33.435715,"","","","",7,2.45,49.0,2.6,48.0
MedicalTerm,albumin_serum,3861,GL,38.0,"","","","",4,36.0,41.0,36.0,41.0
MedicalTerm,albumin_serum,923,Unknown,45.333332,"","","","",3,44.0,47.0,44.0,47.0
MedicalTerm,albumin_serum,1,%,57.966663,"","","","",3,56.2,60.2,56.2,60.2
MedicalTerm,albumin_serum,160,l,3666666500.0,"","","","",3,0.0,9000000000.0,0.0,9000000000.0
MedicalTerm,albumin_serum,233,ng/mL,12.1,"","","","",1,12.1,12.1,12.1,12.1
MedicalTerm,amylase,276,u/L,71.13279,"","","","",3208,5.0,1680.0,32.0,115.0
MedicalTerm,amylase,154,iu/L,75.73421,"","","","",2675,10.0,5782.0,32.0,116.0
MedicalTerm,amylase,318,u/dl,166.55556,"","","","",27,17.0,2902.0,32.0,94.0
MedicalTerm,amylase,151,i.u./l,53.57143,"","","","",14,13.0,93.0,24.0,70.0
MedicalTerm,amylase,44,/uL,66.8,"","","","",5,23.0,85.0,23.0,85.0
MedicalTerm,amylase,49,[iU]/L,90.5,"","","","",4,49.0,128.0,49.0,128.0
MedicalTerm,amylase,953,units/l,865.6667,"","","","",3,59.0,2330.0,59.0,2330.0
MedicalTerm,amylase,405,UNKNOWN UNITS,62.0,"","","","",3,49.0,70.0,49.0,70.0
MedicalTerm,amylase,923,Unknown,54.333332,"","","","",3,37.0,72.0,37.0,72.0
MedicalTerm,amylase,153,IU,101.0,"","","","",2,31.0,171.0,31.0,171.0
MedicalTerm,amylase,1683,S'GYI U/DL,105.0,"","","","",2,81.0,129.0,81.0,129.0
MedicalTerm,amylase,1155,(Unknown),45.0,"","","","",1,45.0,45.0,45.0,45.0
MedicalTerm,amylase,277,U/mL,63.0,"","","","",1,63.0,63.0,63.0,63.0
MedicalTerm,amylase,1268,lu/l,86.0,"","","","",1,86.0,86.0,86.0,86.0
MedicalTerm,amylase,1873,IU/I,68.0,"","","","",1,68.0,68.0,68.0,68.0
MedicalTerm,anti_ttg,277,U/mL,4.4534864,"","","","",2449,0.0,2798.7,0.2,2.0
MedicalTerm,anti_ttg,159,ku/L,3.7969687,"","","","",396,0.1,250.0,0.5,2.1
MedicalTerm,anti_ttg,1285,CU,20.021326,"","","","",333,1.9,4965.5,1.9,4.0
MedicalTerm,anti_ttg,155,iu/ml,5.407076,"","","","",146,0.2,200.0,0.7,7.0
MedicalTerm,anti_ttg,229,mu/L,2.125,"","","","",8,1.0,3.0,2.0,3.0
MedicalTerm,anti_ttg,185,mg/ml,10.683333,"","","","",6,0.4,55.0,1.2,55.0
MedicalTerm,anti_ttg,531,U,0.92,"","","","",6,0.6,1.02,0.9,1.02
MedicalTerm,anti_ttg,405,UNKNOWN UNITS,1.1500001,"","","","",4,1.0,1.2,1.0,1.2
MedicalTerm,anti_ttg,276,u/L,1.0,"","","","",3,0.0,1.5,0.0,1.5
MedicalTerm,anti_ttg,153,IU,5.8999996,"","","","",2,1.9,9.9,1.9,9.9
MedicalTerm,anti_ttg,288,units,0.3,"","","","",1,0.3,0.3,0.3,0.3
MedicalTerm,anti_ttg,673,/cu.mm,1.9,"","","","",1,1.9,1.9,1.9,1.9
MedicalTerm,anti_ttg,1954,(cfU),1.9,"","","","",1,1.9,1.9,1.9,1.9
MedicalTerm,anti_ttg,1459,(bdsk u),0.2,"","","","",1,0.2,0.2,0.2,0.2
MedicalTerm,bilirubin,285,umol/L,31.221228,"","","","",524054,0.0,10000000.0,5.0,19.0
MedicalTerm,bilirubin,176,MCMOL/L,13.5867605,"","","","",2472,0.0,600.0,6.0,21.0
MedicalTerm,bilirubin,197,micromol/L,13.43734,"","","","",1947,3.0,245.0,7.0,21.0
MedicalTerm,bilirubin,816,mol/L,12.90196,"","","","",1122,1.0,49.0,7.0,19.0
MedicalTerm,bilirubin,218,mmol/L,11.746289,"","","","",741,2.0,124.0,6.0,19.0
MedicalTerm,bilirubin,1155,(Unknown),11.206897,"","","","",58,3.0,30.0,6.0,15.0
MedicalTerm,bilirubin,1532,uM/l,11.0,"","","","",50,4.0,27.0,6.0,16.0
MedicalTerm,bilirubin,22106,µmol/L,11.020833,"","","","",48,3.0,26.0,7.0,18.0
MedicalTerm,bilirubin,182,MG/DL,14.680851,"","","","",47,4.0,116.0,7.0,17.0
MedicalTerm,bilirubin,815,BILIRUBIN,10.617022,"","","","",47,2.0,45.0,6.0,13.0
MedicalTerm,bilirubin,22103,æmol/l,13.259259,"","","","",27,3.0,34.0,6.0,28.0
MedicalTerm,bilirubin,848,aemol/l,10.807693,"","","","",26,5.0,21.0,7.0,16.0
MedicalTerm,bilirubin,2394,mcmol/litre,11.958333,"","","","",24,5.0,31.0,7.0,20.0
MedicalTerm,bilirubin,44,/uL,14.227273,"","","","",22,9.0,21.0,9.0,20.0
MedicalTerm,bilirubin,154,iu/L,78.125,"","","","",16,18.0,149.0,52.0,148.0
MedicalTerm,bilirubin,2245,Âµmol/L,12.125,"","","","",16,4.0,23.0,5.0,22.0
MedicalTerm,bilirubin,9082,u mol/l,13.642858,"","","","",14,5.0,24.0,7.0,24.0
MedicalTerm,bilirubin,173,m,12.636364,"","","","",11,9.0,16.0,10.0,15.0
MedicalTerm,bilirubin,923,Unknown,8.666667,"","","","",6,5.0,13.0,7.0,13.0
MedicalTerm,bilirubin,521,R,15.4,"","","","",5,10.0,27.0,10.0,27.0
MedicalTerm,bilirubin,1,%,10.8,"","","","",5,8.0,15.0,8.0,15.0
MedicalTerm,bilirubin,4470,UMOLL,8.75,"","","","",4,8.0,10.0,8.0,10.0
MedicalTerm,bilirubin,348,MicroU/L,12.25,"","","","",4,3.0,17.0,3.0,17.0
MedicalTerm,bilirubin,276,u/L,16.666666,"","","","",3,10.0,29.0,10.0,29.0
MedicalTerm,bilirubin,191,micmol/l,100.0,"","","","",2,17.0,183.0,17.0,183.0
MedicalTerm,bilirubin,1223,umol,12.0,"","","","",1,12.0,12.0,12.0,12.0
MedicalTerm,bilirubin,1865,ummol/L,4.0,"","","","",1,4.0,4.0,4.0,4.0
MedicalTerm,bilirubin,1545,fmol/l,5.0,"","","","",1,5.0,5.0,5.0,5.0
MedicalTerm,bmi,157,kg/m2,274.72897,"","","","",163768,-2.76,800000.0,21.9,36.2
MedicalTerm,bmi,22101,Kg/m²,29.326117,"","","","",5032,0.0,3663.698,22.2,35.526
MedicalTerm,bmi,657,Kg/mÂ²,28.502308,"","","","",1749,0.0,50.873,22.0,34.8
MedicalTerm,bmi,108,Body Mass Index,26.690338,"","","","",1225,0.0,56.5,21.6,33.2
MedicalTerm,bmi,568,BMI,27.61667,"","","","",921,16.1,51.3,21.0,35.3
MedicalTerm,bmi,288,units,28.109283,"","","","",806,15.4,51.274,22.843,33.493
MedicalTerm,bmi,1,%,28.592539,"","","","",643,16.2,61.7,22.6,34.7
MedicalTerm,bmi,156,kg,78.70595,"","","","",606,0.0,155.6,50.0,106.0
MedicalTerm,bmi,359,Kg/m?,28.619799,"","","","",332,17.1,248.437,21.8,33.802
MedicalTerm,bmi,822,18.5-24.9,29.270157,"","","","",258,18.6,51.1,24.0,35.4
MedicalTerm,bmi,1309,K/M2,29.212645,"","","","",228,5.4,42.1,21.4,37.0
MedicalTerm,bmi,218,mmol/L,33.03055,"","","","",167,18.0,54.3,27.0,36.2
MedicalTerm,bmi,1200,kg/m/m,29.474325,"","","","",153,4.86,44.44,22.72,38.38
MedicalTerm,bmi,122,cm,160.57335,"","","","",126,0.0,195.0,152.4,182.0
MedicalTerm,bmi,6289,per metre square,31.588888,"","","","",54,25.6,38.7,27.4,37.5
MedicalTerm,bmi,907,kg/m^2,27.417349,"","","","",49,19.6,43.23,22.1,33.06
MedicalTerm,bmi,1856,BMI 25-29 - overweight,0.0,"","","","",28,0.0,0.0,0.0,0.0
MedicalTerm,bmi,432,metres,1.719318,"","","","",22,1.47,1.88,1.6,1.829
MedicalTerm,bmi,3466,O/E - weight > 20% over ideal,3.3809524,"","","","",21,0.0,71.0,0.0,0.0
MedicalTerm,bmi,2217,wt/ht2,26.723526,"","","","",17,21.0,35.8,23.8,29.0
MedicalTerm,bmi,173,m,1.7418749,"","","","",16,1.6,1.85,1.6,1.85
MedicalTerm,bmi,3444,O/E - weight 10-20% over ideal,11.538462,"","","","",13,0.0,78.0,0.0,72.0
MedicalTerm,bmi,1438,kg/m*m,27.527275,"","","","",11,21.1,35.3,23.7,33.6
MedicalTerm,bmi,1859,Body mass index 30+ - obesity,0.0,"","","","",11,0.0,0.0,0.0,0.0
MedicalTerm,bmi,1633,kg/square m,43.25,"","","","",8,39.8,47.3,41.1,45.1
MedicalTerm,bmi,2358,O/E - weight NOS,0.0,"","","","",7,0.0,0.0,0.0,0.0
MedicalTerm,bmi,3737,18.5.-24.9,21.433334,"","","","",3,19.7,24.9,19.7,24.9
MedicalTerm,bmi,2938,No UOM assigned,30.933334,"","","","",3,28.9,35.0,28.9,35.0
MedicalTerm,bmi,827,Kgs,45.5,"","","","",2,34.0,57.0,34.0,57.0
MedicalTerm,bmi,1788,/kg(body wt),26.715,"","","","",2,26.62,26.81,26.62,26.81
MedicalTerm,bmi,5198,231,31.2,"","","","",1,31.2,31.2,31.2,31.2
MedicalTerm,bmi,5623,132,31.3,"","","","",1,31.3,31.3,31.3,31.3
MedicalTerm,bmi,5322,458,23.9,"","","","",1,23.9,23.9,23.9,23.9
MedicalTerm,bmi,5260,1509,42.0,"","","","",1,42.0,42.0,42.0,42.0
MedicalTerm,bmi,4701,252,28.3,"","","","",1,28.3,28.3,28.3,28.3
MedicalTerm,bmi,5176,502,31.2,"","","","",1,31.2,31.2,31.2,31.2
MedicalTerm,bmi,4928,548,32.9,"","","","",1,32.9,32.9,32.9,32.9
MedicalTerm,bmi,5175,449,26.9,"","","","",1,26.9,26.9,26.9,26.9
MedicalTerm,bmi,41,/min,27.4,"","","","",1,27.4,27.4,27.4,27.4
MedicalTerm,bmi,5600,1554,34.9,"","","","",1,34.9,34.9,34.9,34.9
MedicalTerm,bmi,2766,O/E - weight within 10% ideal,0.0,"","","","",1,0.0,0.0,0.0,0.0
MedicalTerm,bmi,7805,O/E - height 10-20% < average,0.0,"","","","",1,0.0,0.0,0.0,0.0
MedicalTerm,bmi,4445,114,27.9,"","","","",1,27.9,27.9,27.9,27.9
MedicalTerm,bmi,5449,593,34.2,"","","","",1,34.2,34.2,34.2,34.2
MedicalTerm,bmi,4657,279,38.5,"","","","",1,38.5,38.5,38.5,38.5
MedicalTerm,bmi,4915,734,24.8,"","","","",1,24.8,24.8,24.8,24.8
MedicalTerm,bmi,4612,196,29.4,"","","","",1,29.4,29.4,29.4,29.4
MedicalTerm,bmi,3822,62,31.0,"","","","",1,31.0,31.0,31.0,31.0
MedicalTerm,bmi,7028,2094,32.9,"","","","",1,32.9,32.9,32.9,32.9
MedicalTerm,bmi,22120,,34.81,"","","","",1,34.81,34.81,34.81,34.81
MedicalTerm,bmi,2724,106,26.6,"","","","",1,26.6,26.6,26.6,26.6
MedicalTerm,bmi,216,mmHg,37.4,"","","","",1,37.4,37.4,37.4,37.4
MedicalTerm,bmi,625,O/E - overweight,0.0,"","","","",1,0.0,0.0,0.0,0.0
MedicalTerm,bmi,4708,451,36.8,"","","","",1,36.8,36.8,36.8,36.8
MedicalTerm,bmi,3078,88,36.8,"","","","",1,36.8,36.8,36.8,36.8
MedicalTerm,bmi,2345,19,25.3,"","","","",1,25.3,25.3,25.3,25.3
MedicalTerm,bmi,4843,105,28.3,"","","","",1,28.3,28.3,28.3,28.3
MedicalTerm,bmi,4901,995,28.8,"","","","",1,28.8,28.8,28.8,28.8
MedicalTerm,bmi,3498,O/E -weight 10-20% below ideal,0.0,"","","","",1,0.0,0.0,0.0,0.0
MedicalTerm,bmi,6913,799,38.9,"","","","",1,38.9,38.9,38.9,38.9
MedicalTerm,bmi,1155,(Unknown),25.0,"","","","",1,25.0,25.0,25.0,25.0
MedicalTerm,bmi,1366,550,20.6,"","","","",1,20.6,20.6,20.6,20.6
MedicalTerm,calcium_serum,218,mmol/L,2.3539693,"","","","",176753,0.0,418.0,2.2,2.49
MedicalTerm,calcium_serum,150,Hrs,15.933167,"","","","",256,8.0,1111.54,8.37,16.31
MedicalTerm,calcium_serum,182,MG/DL,2.3462505,"","","","",40,2.08,2.6,2.16,2.45
MedicalTerm,calcium_serum,1155,(Unknown),2.3626666,"","","","",15,2.26,2.54,2.26,2.48
MedicalTerm,calcium_serum,986,Not given,2.2075,"","","","",4,1.91,2.33,1.91,2.33
MedicalTerm,calcium_serum,923,Unknown,2.425,"","","","",2,2.36,2.49,2.36,2.49
MedicalTerm,calcium_serum,235,nmol/L,2.4699998,"","","","",2,2.35,2.59,2.35,2.59
MedicalTerm,calcium_serum,1145,mmolL,2.26,"","","","",1,2.26,2.26,2.26,2.26
MedicalTerm,calcium_serum,6116,Corrected serum calcium level,2.34,"","","","",1,2.34,2.34,2.34,2.34
MedicalTerm,calcium_serum,405,UNKNOWN UNITS,2.36,"","","","",1,2.36,2.36,2.36,2.36
MedicalTerm,calcium_serum,219,mmol/mmol,2.3,"","","","",1,2.3,2.3,2.3,2.3
MedicalTerm,calcium_serum,202,ml/min,61.1,"","","","",1,61.1,61.1,61.1,61.1
MedicalTerm,cholesterol_triglycerides,218,mmol/L,3.6483428,"","","","",445513,0.0,605.0,1.02,6.0
MedicalTerm,cholesterol_triglycerides,139,g/L,2.00793,"","","","",904,0.0,32.5,0.8,3.4
MedicalTerm,cholesterol_triglycerides,180,mg/100 ml,5.674416,"","","","",884,1.1,10.2,4.1,7.2
MedicalTerm,cholesterol_triglycerides,679,g,1.9057148,"","","","",147,0.4,9.5,0.7,3.3
MedicalTerm,cholesterol_triglycerides,1155,(Unknown),4.7313404,"","","","",97,1.0,9.0,1.6,6.6
MedicalTerm,cholesterol_triglycerides,483,Serum cholesterol normal,0.0,"","","","",45,0.0,0.0,0.0,0.0
MedicalTerm,cholesterol_triglycerides,1145,mmolL,2.580345,"","","","",29,0.64,5.17,1.19,4.22
MedicalTerm,cholesterol_triglycerides,285,umol/L,5.415385,"","","","",26,2.5,7.8,4.3,7.2
MedicalTerm,cholesterol_triglycerides,1595,mmmol/l,5.1275,"","","","",24,3.2,6.7,3.7,6.4
MedicalTerm,cholesterol_triglycerides,717,Serum cholesterol raised,0.0,"","","","",23,0.0,0.0,0.0,0.0
MedicalTerm,cholesterol_triglycerides,4348,mmol/l...,5.4,"","","","",22,3.6,7.3,4.2,6.8
MedicalTerm,cholesterol_triglycerides,332,mmol,4.6785,"","","","",20,3.08,6.66,3.12,6.09
MedicalTerm,cholesterol_triglycerides,2693,mm/l,5.831053,"","","","",19,4.09,7.1,4.7,6.7
MedicalTerm,cholesterol_triglycerides,1679,Serum cholesterol borderline,0.0,"","","","",12,0.0,0.0,0.0,0.0
MedicalTerm,cholesterol_triglycerides,63,0,1.1272727,"","","","",11,0.0,5.3,0.0,2.3
MedicalTerm,cholesterol_triglycerides,5740,mmol/l pre statin,6.1375,"","","","",8,4.6,7.9,5.5,7.1
MedicalTerm,cholesterol_triglycerides,3648,Serum triglycerides normal,0.0,"","","","",8,0.0,0.0,0.0,0.0
MedicalTerm,cholesterol_triglycerides,923,Unknown,13.0,"","","","",8,8.0,16.0,10.0,16.0
MedicalTerm,cholesterol_triglycerides,260,ratio,3.4433336,"","","","",6,2.04,5.64,3.05,5.64
MedicalTerm,cholesterol_triglycerides,2619,Serum cholesterol NOS,0.0,"","","","",6,0.0,0.0,0.0,0.0
MedicalTerm,cholesterol_triglycerides,1613,mmo1/1,3.9800003,"","","","",5,2.4,7.3,2.4,7.3
MedicalTerm,cholesterol_triglycerides,182,MG/DL,4.65,"","","","",4,3.1,6.1,3.1,6.1
MedicalTerm,cholesterol_triglycerides,269,Tgt chol,5.1,"","","","",3,5.0,5.3,5.0,5.3
MedicalTerm,cholesterol_triglycerides,2297,umol/2,3.0,"","","","",2,2.8,3.2,2.8,3.2
MedicalTerm,cholesterol_triglycerides,1,%,3.9499998,"","","","",2,3.8,4.1,3.8,4.1
MedicalTerm,cholesterol_triglycerides,7843,mmol /L,2.3,"","","","",2,0.0,4.6,0.0,4.6
MedicalTerm,cholesterol_triglycerides,672,mmols,3.75,"","","","",2,3.0,4.5,3.0,4.5
MedicalTerm,cholesterol_triglycerides,6618,1.3-5.2,6.0,"","","","",2,5.7,6.3,5.7,6.3
MedicalTerm,cholesterol_triglycerides,3714,Serum cholesterol studies,0.0,"","","","",2,0.0,0.0,0.0,0.0
MedicalTerm,cholesterol_triglycerides,3706,Serum cholesterol very high,0.0,"","","","",2,0.0,0.0,0.0,0.0
MedicalTerm,cholesterol_triglycerides,153,IU,7.0,"","","","",1,7.0,7.0,7.0,7.0
MedicalTerm,cholesterol_triglycerides,2395,mmol/litre,1.11,"","","","",1,1.11,1.11,1.11,1.11
MedicalTerm,cholesterol_triglycerides,1621,(knk u),3.1,"","","","",1,3.1,3.1,3.1,3.1
MedicalTerm,cholesterol_triglycerides,229,mu/L,4.8,"","","","",1,4.8,4.8,4.8,4.8
MedicalTerm,cholesterol_triglycerides,1619,6,5.4,"","","","",1,5.4,5.4,5.4,5.4
MedicalTerm,cholesterol_triglycerides,288,units,1.01,"","","","",1,1.01,1.01,1.01,1.01
MedicalTerm,cholesterol_triglycerides,4445,114,3.7,"","","","",1,3.7,3.7,3.7,3.7
MedicalTerm,cholesterol_triglycerides,9945,(mmol/L),4.34,"","","","",1,4.34,4.34,4.34,4.34
MedicalTerm,cholesterol_triglycerides,22120,,1.8,"","","","",1,1.8,1.8,1.8,1.8
MedicalTerm,cholesterol_triglycerides,219,mmol/mmol,5.2,"","","","",1,5.2,5.2,5.2,5.2
MedicalTerm,creatinine_serum,285,umol/L,229.14256,"","","","",693353,-59.0,85000000.0,64.0,132.0
MedicalTerm,creatinine_serum,191,micmol/l,104.670135,"","","","",5090,0.0,1200.0,69.0,144.0
MedicalTerm,creatinine_serum,197,micromol/L,99.17431,"","","","",2456,0.0,396.0,74.0,124.0
MedicalTerm,creatinine_serum,218,mmol/L,95.02297,"","","","",2027,0.0,816.0,65.0,129.0
MedicalTerm,creatinine_serum,816,mol/L,91.97469,"","","","",1897,36.0,625.0,62.0,121.0
MedicalTerm,creatinine_serum,182,MG/DL,94.77467,"","","","",259,0.08,234.0,72.0,123.0
MedicalTerm,creatinine_serum,820,umol//l,108.82269,"","","","",100,1.77,255.0,70.0,160.0
MedicalTerm,creatinine_serum,22106,µmol/L,143.14433,"","","","",97,66.0,1110.0,86.0,161.0
MedicalTerm,creatinine_serum,1155,(Unknown),98.41111,"","","","",90,58.0,176.0,71.0,122.0
MedicalTerm,creatinine_serum,2245,Âµmol/L,74.42857,"","","","",49,48.0,102.0,60.0,91.0
MedicalTerm,creatinine_serum,202,ml/min,141.83333,"","","","",42,46.0,2701.0,59.0,101.0
MedicalTerm,creatinine_serum,176,MCMOL/L,218.34483,"","","","",29,84.0,360.0,98.0,336.0
MedicalTerm,creatinine_serum,44,/uL,84.24138,"","","","",29,55.0,141.0,61.0,119.0
MedicalTerm,creatinine_serum,848,aemol/l,93.42857,"","","","",28,74.0,121.0,80.0,115.0
MedicalTerm,creatinine_serum,22103,æmol/l,91.391304,"","","","",23,66.0,120.0,75.0,108.0
MedicalTerm,creatinine_serum,1223,umol,134.85,"","","","",20,48.0,391.0,75.0,280.0
MedicalTerm,creatinine_serum,4179,microl/L,87.0,"","","","",19,70.0,101.0,72.0,100.0
MedicalTerm,creatinine_serum,1865,ummol/L,120.55556,"","","","",18,62.0,206.0,80.0,169.0
MedicalTerm,creatinine_serum,4026,UMOL.L,190.375,"","","","",16,69.0,350.0,93.0,317.0
MedicalTerm,creatinine_serum,6709,Serum creatinine normal,0.0,"","","","",16,0.0,0.0,0.0,0.0
MedicalTerm,creatinine_serum,256,pmol/L,71.5,"","","","",16,51.0,99.0,60.0,90.0
MedicalTerm,creatinine_serum,154,iu/L,85.35714,"","","","",14,59.0,168.0,65.0,100.0
MedicalTerm,creatinine_serum,332,mmol,105.8,"","","","",10,92.0,115.0,100.0,115.0
MedicalTerm,creatinine_serum,4470,UMOLL,109.111115,"","","","",9,91.0,144.0,92.0,134.0
MedicalTerm,creatinine_serum,421,.,68.625,"","","","",8,51.0,90.0,58.0,82.0
MedicalTerm,creatinine_serum,1595,mmmol/l,82.57143,"","","","",7,71.0,91.0,78.0,86.0
MedicalTerm,creatinine_serum,3398,38-819,93.166664,"","","","",6,67.0,112.0,70.0,112.0
MedicalTerm,creatinine_serum,348,MicroU/L,106.2,"","","","",5,97.0,114.0,97.0,114.0
MedicalTerm,creatinine_serum,349,ml/s/m^2,0.0,"","","","",2,0.0,0.0,0.0,0.0
MedicalTerm,creatinine_serum,1545,fmol/l,116.0,"","","","",2,116.0,116.0,116.0,116.0
MedicalTerm,creatinine_serum,923,Unknown,108.5,"","","","",2,95.0,122.0,95.0,122.0
MedicalTerm,creatinine_serum,186,mg/mmol,35.75,"","","","",2,0.5,71.0,0.5,71.0
MedicalTerm,creatinine_serum,65,1/1,141.0,"","","","",1,141.0,141.0,141.0,141.0
MedicalTerm,creatinine_serum,7916,mmol/lge,39.0,"","","","",1,39.0,39.0,39.0,39.0
MedicalTerm,creatinine_serum,15832,ummol,88.0,"","","","",1,88.0,88.0,88.0,88.0
MedicalTerm,creatinine_serum,229,mu/L,84.0,"","","","",1,84.0,84.0,84.0,84.0
MedicalTerm,creatinine_serum,6715,Serum creatinine raised,0.0,"","","","",1,0.0,0.0,0.0,0.0
MedicalTerm,creatinine_serum,2280,mmol/mmol(creat),8.9,"","","","",1,8.9,8.9,8.9,8.9
MedicalTerm,creatinine_serum,160,l,83.0,"","","","",1,83.0,83.0,83.0,83.0
MedicalTerm,creatinine_serum,14032,50-120,102.0,"","","","",1,102.0,102.0,102.0,102.0
MedicalTerm,creatinine_serum,183,mg/L,10.0,"","","","",1,10.0,10.0,10.0,10.0
MedicalTerm,creatinine_serum,12262,62-258,134.0,"","","","",1,134.0,134.0,134.0,134.0
MedicalTerm,creatinine_serum,4203,umol/Le,51.0,"","","","",1,51.0,51.0,51.0,51.0
MedicalTerm,creatinine_serum,22256,#Ñ mol/L,75.0,"","","","",1,75.0,75.0,75.0,75.0
MedicalTerm,creatinine_serum,16105,ummo/l,82.0,"","","","",1,82.0,82.0,82.0,82.0
MedicalTerm,creatinine_urine,218,mmol/L,8.685978,"","","","",98242,0.0,14676.0,3.16,14.7
MedicalTerm,creatinine_urine,285,umol/L,8085.559,"","","","",11008,0.0,49951.0,2950.0,14451.0
MedicalTerm,creatinine_urine,405,UNKNOWN UNITS,8.888135,"","","","",59,2.3,31.8,4.1,14.4
MedicalTerm,creatinine_urine,3142,mmols/L,8.633335,"","","","",42,2.0,19.3,4.4,14.8
MedicalTerm,creatinine_urine,288,units,203.37303,"","","","",33,1.1,6053.0,1.93,66.0
MedicalTerm,creatinine_urine,217,mmol/24h,13.986666,"","","","",15,4.4,26.5,4.4,26.5
MedicalTerm,creatinine_urine,5910,Urine creatinine,0.41666666,"","","","",12,0.0,5.0,0.0,0.0
MedicalTerm,creatinine_urine,376,mmo/L,7.681818,"","","","",11,3.1,19.3,3.2,11.6
MedicalTerm,creatinine_urine,317,mmol/d,8.3875,"","","","",8,3.9,13.8,5.8,13.6
MedicalTerm,creatinine_urine,342,mmol/24hr,10.7,"","","","",5,3.1,19.8,3.1,19.8
MedicalTerm,creatinine_urine,140,g/mol,1.925,"","","","",4,1.2,2.7,1.2,2.7
MedicalTerm,creatinine_urine,816,mol/L,9337.5,"","","","",4,3488.0,14418.0,3488.0,14418.0
MedicalTerm,creatinine_urine,332,mmol,6.76,"","","","",3,2.68,11.1,2.68,11.1
MedicalTerm,creatinine_urine,4059,mg/mM,4.0,"","","","",3,2.0,6.1,2.0,6.1
MedicalTerm,creatinine_urine,1145,mmolL,10.4235,"","","","",2,9.467,11.38,9.467,11.38
MedicalTerm,creatinine_urine,923,Unknown,16.535,"","","","",2,9.4,23.67,9.4,23.67
MedicalTerm,creatinine_urine,183,mg/L,8.55,"","","","",2,8.5,8.6,8.5,8.6
MedicalTerm,creatinine_urine,6887,mmol/V,6.7,"","","","",1,6.7,6.7,6.7,6.7
MedicalTerm,creatinine_urine,209,mm,10.3,"","","","",1,10.3,10.3,10.3,10.3
MedicalTerm,creatinine_urine,919,mmol/24,12.3,"","","","",1,12.3,12.3,12.3,12.3
MedicalTerm,creatinine_urine,334,/L,14.5,"","","","",1,14.5,14.5,14.5,14.5
MedicalTerm,creatinine_urine,139,g/L,0.17,"","","","",1,0.17,0.17,0.17,0.17
MedicalTerm,ferritin,283,ug/L,138.11732,"","","","",756,0.5,2830.0,13.0,284.0
MedicalTerm,ferritin,233,ng/mL,160.1623,"","","","",61,5.0,1359.0,14.0,304.0
MedicalTerm,ferritin,288,units,228.11429,"","","","",7,12.0,917.0,28.8,223.0
MedicalTerm,ferritin,139,g/L,3.2599998,"","","","",4,2.33,4.1,2.33,4.1
MedicalTerm,ferritin,183,mg/L,412.0,"","","","",1,412.0,412.0,412.0,412.0
MedicalTerm,ferritin,276,u/L,375.0,"","","","",1,375.0,375.0,375.0,375.0
MedicalTerm,ferritin,666,mcg/l,118.0,"","","","",1,118.0,118.0,118.0,118.0
MedicalTerm,glucose,218,mmol/L,7.454604,"","","","",256395,0.0,203234.0,4.5,10.2
MedicalTerm,glucose,154,iu/L,7.262323,"","","","",767,3.3,106.0,4.7,10.5
MedicalTerm,glucose,182,MG/DL,9.729236,"","","","",485,2.1,185.0,4.4,15.5
MedicalTerm,glucose,332,mmol,9.589689,"","","","",256,0.0,39.5,5.5,14.4
MedicalTerm,glucose,288,units,7.434593,"","","","",159,0.0,28.9,4.7,10.8
MedicalTerm,glucose,1155,(Unknown),7.293151,"","","","",73,3.6,21.0,4.6,12.0
MedicalTerm,glucose,1145,mmolL,7.8666663,"","","","",39,0.0,17.3,5.0,11.3
MedicalTerm,glucose,672,mmols,7.8971877,"","","","",32,3.1,14.5,4.7,13.1
MedicalTerm,glucose,3659,Blood glucose 5-6.9 mmol/L,2.6391304,"","","","",23,0.0,6.9,0.0,6.7
MedicalTerm,glucose,3671,Blood glucose 2.5-4.9 mmol/L,1.8866668,"","","","",15,0.0,4.9,0.0,4.6
MedicalTerm,glucose,220,mmol/mol,45.733334,"","","","",15,31.0,76.0,41.0,51.0
MedicalTerm,glucose,1,%,6.193333,"","","","",15,4.5,11.6,4.6,8.1
MedicalTerm,glucose,3645,Blood glucose 7-9.9 mmol/L,3.1538463,"","","","",13,0.0,9.2,0.0,8.8
MedicalTerm,glucose,3437,Glucometer blood sugar,4.8692307,"","","","",13,0.0,13.3,0.0,11.3
MedicalTerm,glucose,160,l,2.6133335,"","","","",12,2.16,3.19,2.38,3.14
MedicalTerm,glucose,6407,mmom/l,7.2,"","","","",7,4.3,11.7,4.8,10.0
MedicalTerm,glucose,133,fasting mmol/l,6.6666665,"","","","",6,5.3,8.9,6.0,8.9
MedicalTerm,glucose,3436,Blood glucose 14+ mmol/L,10.816667,"","","","",6,0.0,17.2,0.0,17.2
MedicalTerm,glucose,679,g,75.0,"","","","",6,75.0,75.0,75.0,75.0
MedicalTerm,glucose,3494,Blood glucose 10-13.9 mmol/L,4.7599998,"","","","",5,0.0,12.2,0.0,12.2
MedicalTerm,glucose,49,[iU]/L,4.9,"","","","",5,3.8,5.6,3.8,5.6
MedicalTerm,glucose,847,mmol/1,6.6225004,"","","","",4,4.4,12.3,4.4,12.3
MedicalTerm,glucose,3223,random,5.566667,"","","","",3,5.2,5.8,5.2,5.8
MedicalTerm,glucose,1087,Fasting,7.2999997,"","","","",3,4.9,11.4,4.9,11.4
MedicalTerm,glucose,373,minutes,0.0,"","","","",3,0.0,0.0,0.0,0.0
MedicalTerm,glucose,382,Undefined,8.25,"","","","",2,7.8,8.7,7.8,8.7
MedicalTerm,glucose,3142,mmols/L,4.45,"","","","",2,4.4,4.5,4.4,4.5
MedicalTerm,glucose,923,Unknown,8.35,"","","","",2,4.9,11.8,4.9,11.8
MedicalTerm,glucose,235,nmol/L,11.049999,"","","","",2,10.9,11.2,10.9,11.2
MedicalTerm,glucose,9590,(mmol/:,6.65,"","","","",2,5.9,7.4,5.9,7.4
MedicalTerm,glucose,816,mol/L,7.3,"","","","",2,5.3,9.3,5.3,9.3
MedicalTerm,glucose,186,mg/mmol,6.05,"","","","",2,4.9,7.2,4.9,7.2
MedicalTerm,glucose,1595,mmmol/l,6.8,"","","","",1,6.8,6.8,6.8,6.8
MedicalTerm,glucose,3083,126,4.8,"","","","",1,4.8,4.8,4.8,4.8
MedicalTerm,glucose,3550,Blood glucose raised NOS,0.0,"","","","",1,0.0,0.0,0.0,0.0
MedicalTerm,glucose,2386,hours fasting,17.0,"","","","",1,17.0,17.0,17.0,17.0
MedicalTerm,glucose,276,u/L,10.2,"","","","",1,10.2,10.2,10.2,10.2
MedicalTerm,glucose,376,mmo/L,14.6,"","","","",1,14.6,14.6,14.6,14.6
MedicalTerm,glucose,259,random mmol/l,14.7,"","","","",1,14.7,14.7,14.7,14.7
MedicalTerm,glucose,104,beats/min,11.5,"","","","",1,11.5,11.5,11.5,11.5
MedicalTerm,glucose,9042,5.0,5.0,"","","","",1,5.0,5.0,5.0,5.0
MedicalTerm,glucose,721,min,0.0,"","","","",1,0.0,0.0,0.0,0.0
MedicalTerm,glucose,13810,17.9,17.9,"","","","",1,17.9,17.9,17.9,17.9
MedicalTerm,glucose,3239,mml/L,6.7,"","","","",1,6.7,6.7,6.7,6.7
MedicalTerm,glucose,4218,Blood glucose 0-1.4 mmol/L,12.2,"","","","",1,12.2,12.2,12.2,12.2
MedicalTerm,glucose,10261,mm0l/l,4.59,"","","","",1,4.59,4.59,4.59,4.59
MedicalTerm,glucose,219,mmol/mmol,5.2,"","","","",1,5.2,5.2,5.2,5.2
MedicalTerm,glucose,13809,11.9,11.9,"","","","",1,11.9,11.9,11.9,11.9
MedicalTerm,glucose,1498,/hour,9.3,"","","","",1,9.3,9.3,9.3,9.3
MedicalTerm,glucose,835,Hours,12.0,"","","","",1,12.0,12.0,12.0,12.0
MedicalTerm,glucose,1726,MMOL/L.,5.09,"","","","",1,5.09,5.09,5.09,5.09
MedicalTerm,height,122,cm,176.1366,"","","","",272717,0.0,177135.0,155.0,180.8
MedicalTerm,height,173,m,5.259787,"","","","",1833,0.0,188.0,1.57,1.83
MedicalTerm,height,408,cms,168.75426,"","","","",438,70.0,190.5,155.0,180.0
MedicalTerm,height,4445,114,174.0,"","","","",1,174.0,174.0,174.0,174.0
MedicalTerm,height,432,metres,1.68,"","","","",1,1.68,1.68,1.68,1.68
MedicalTerm,iron,285,umol/L,14.404688,"","","","",11832,0.0,89.0,5.9,23.7
MedicalTerm,iron,197,micromol/L,13.812093,"","","","",1291,1.0,51.0,6.0,22.1
MedicalTerm,iron,218,mmol/L,14.106249,"","","","",112,1.7,48.0,5.1,21.8
MedicalTerm,iron,348,MicroU/L,14.68108,"","","","",37,5.0,47.5,6.4,19.7
MedicalTerm,iron,1,%,20.741667,"","","","",36,3.0,52.0,8.0,38.0
MedicalTerm,iron,288,units,15.641176,"","","","",17,4.9,36.5,9.0,19.9
MedicalTerm,iron,411,mU/mL,15.825001,"","","","",8,14.1,20.0,14.3,17.5
MedicalTerm,iron,816,mol/L,15.942857,"","","","",7,8.3,26.5,9.4,22.0
MedicalTerm,iron,139,g/L,2.81,"","","","",5,2.27,3.69,2.27,3.69
MedicalTerm,iron,283,ug/L,54.75,"","","","",4,0.0,219.0,0.0,219.0
MedicalTerm,iron,1108,ug/dL,8.900001,"","","","",3,3.7,17.0,3.7,17.0
MedicalTerm,iron,405,UNKNOWN UNITS,21.5,"","","","",2,15.0,28.0,15.0,28.0
MedicalTerm,iron,4178,microm/L,11.049999,"","","","",2,1.3,20.8,1.3,20.8
MedicalTerm,iron,783,Serum iron tests,0.0,"","","","",2,0.0,0.0,0.0,0.0
MedicalTerm,iron,160,l,8.0,"","","","",1,8.0,8.0,8.0,8.0
MedicalTerm,iron,233,ng/mL,138.0,"","","","",1,138.0,138.0,138.0,138.0
MedicalTerm,iron,1155,(Unknown),4.0,"","","","",1,4.0,4.0,4.0,4.0
MedicalTerm,iron,246,per cent,22.1,"","","","",1,22.1,22.1,22.1,22.1
MedicalTerm,lymphocyte,77,10*9/L,1.9375792,"","","","",408861,0.0,249.4,1.02,2.9
MedicalTerm,lymphocyte,307,x10^9/l,2.0272374,"","","","",25002,0.0,76.19,1.1,2.91
MedicalTerm,lymphocyte,82,10^9/l,1.9790715,"","","","",20805,0.27,43.0,1.1,2.9
MedicalTerm,lymphocyte,305,x10*9/L,1.7826606,"","","","",19171,0.1,15.52,1.0,2.7
MedicalTerm,lymphocyte,321,x 10*9/L,2.0940266,"","","","",5112,0.3,6.8,1.2,3.1
MedicalTerm,lymphocyte,69,10 9/L,1.9051508,"","","","",5086,0.25,23.3,1.01,2.83
MedicalTerm,lymphocyte,884,x10\S\9l,2.0396395,"","","","",3830,0.28,5.16,1.21,2.94
MedicalTerm,lymphocyte,6,*10^9/l,3.521314,"","","","",2074,0.0,81.1,1.16,3.35
MedicalTerm,lymphocyte,431,x10^9,2.0718992,"","","","",1574,0.0,28.0,1.2,3.0
MedicalTerm,lymphocyte,76,10*9 cells/L,2.4593422,"","","","",1507,0.06,202.0,0.76,3.0
MedicalTerm,lymphocyte,1,%,23.233263,"","","","",1452,0.0,87.0,2.0,38.4
MedicalTerm,lymphocyte,335,x 10^9/litre,2.175379,"","","","",1166,0.5,20.4,1.2,3.2
MedicalTerm,lymphocyte,1250,10**9/L,2.0953517,"","","","",1054,0.5,6.8,1.0,3.2
MedicalTerm,lymphocyte,1224,10*3/uL,2.1603785,"","","","",954,0.56,5.47,1.31,3.1
MedicalTerm,lymphocyte,323,10^9,2.0630414,"","","","",858,0.41,22.4,1.08,3.2
MedicalTerm,lymphocyte,433,x10e9/l,2.000146,"","","","",549,0.2,7.09,1.1,2.9
MedicalTerm,lymphocyte,862,10*9,2.1354063,"","","","",505,0.57,7.54,1.21,3.16
MedicalTerm,lymphocyte,585,x 10^9/l,2.1128953,"","","","",366,0.68,6.98,1.38,2.9
MedicalTerm,lymphocyte,1243,x10^9l,2.1193244,"","","","",355,0.68,20.6,1.32,2.86
MedicalTerm,lymphocyte,160,l,1.8538316,"","","","",321,0.42,4.53,1.0,2.72
MedicalTerm,lymphocyte,986,Not given,1.9884869,"","","","",304,0.45,5.45,1.14,2.95
MedicalTerm,lymphocyte,392,x10 9/,2.3452096,"","","","",263,0.52,19.2,1.22,3.46
MedicalTerm,lymphocyte,1640,X 10 9/L,2.359135,"","","","",208,1.03,5.04,1.51,3.37
MedicalTerm,lymphocyte,821,X10*9,2.9517171,"","","","",198,0.57,166.0,1.4,3.1
MedicalTerm,lymphocyte,1681,X 10-9/l,1.9286009,"","","","",193,0.69,3.62,1.29,2.81
MedicalTerm,lymphocyte,334,/L,2.3379254,"","","","",188,0.8,41.5,1.2,2.9
MedicalTerm,lymphocyte,74,10*12/L,2.090774,"","","","",142,1.03,5.08,1.37,3.0
MedicalTerm,lymphocyte,1045,10/9 l,2.0107913,"","","","",139,0.9,4.5,1.4,2.9
MedicalTerm,lymphocyte,416,10^3/uL,2.0108275,"","","","",133,0.83,4.6,1.29,2.83
MedicalTerm,lymphocyte,1354,x109/l,2.2362876,"","","","",132,0.4,5.07,1.21,3.32
MedicalTerm,lymphocyte,1388,10 ^9/L,2.1300976,"","","","",103,0.7,5.3,1.3,3.0
MedicalTerm,lymphocyte,368,x10,2.1649513,"","","","",103,0.7,4.54,1.32,2.98
MedicalTerm,lymphocyte,933,*10 9/l,2.0041664,"","","","",96,0.5,3.6,1.1,2.9
MedicalTerm,lymphocyte,79,10/9L,1.9000002,"","","","",95,0.5,4.3,1.1,2.6
MedicalTerm,lymphocyte,1103,x 10e9/litre,2.11948,"","","","",77,0.8,5.2,1.2,3.1
MedicalTerm,lymphocyte,923,Unknown,2.0783563,"","","","",73,0.9,4.2,1.2,3.0
MedicalTerm,lymphocyte,7048,x 10?'9/l,1.9620637,"","","","",63,0.54,4.02,1.12,3.16
MedicalTerm,lymphocyte,303,x10'9/l,1.9835997,"","","","",50,0.7,3.78,1.23,2.7
MedicalTerm,lymphocyte,1256,10*9/mL,2.5000002,"","","","",46,1.2,5.5,1.5,4.5
MedicalTerm,lymphocyte,1581,x10/9 l,1.9500002,"","","","",36,1.3,4.1,1.3,2.9
MedicalTerm,lymphocyte,1133,x10**9/l,1.9785712,"","","","",35,0.9,3.2,1.1,2.8
MedicalTerm,lymphocyte,246,per cent,25.68138,"","","","",29,1.11,63.0,1.8,54.4
MedicalTerm,lymphocyte,1034,x10 9/l,1.88,"","","","",25,1.1,3.6,1.1,2.9
MedicalTerm,lymphocyte,1113,x 109/l,2.1041667,"","","","",24,0.0,10.2,1.0,2.9
MedicalTerm,lymphocyte,1194,10/9/l,2.4190474,"","","","",21,1.1,5.9,1.3,3.7
MedicalTerm,lymphocyte,138,g/dL,1.9650002,"","","","",20,1.2,2.8,1.5,2.7
MedicalTerm,lymphocyte,347,10*-2,5.760526,"","","","",19,1.09,20.24,1.19,14.39
MedicalTerm,lymphocyte,405,UNKNOWN UNITS,1.6872221,"","","","",18,1.0,2.84,1.05,2.23
MedicalTerm,lymphocyte,254,pH,2.115,"","","","",18,1.0,3.63,1.6,2.7
MedicalTerm,lymphocyte,75,10*6/L,2.1073334,"","","","",15,1.1,3.2,1.13,2.7
MedicalTerm,lymphocyte,1271,x10\S\9/L,2.3454547,"","","","",11,1.5,4.6,1.6,3.7
MedicalTerm,lymphocyte,67,10,1.8975,"","","","",8,1.15,3.2,1.35,2.59
MedicalTerm,lymphocyte,2994,*10^9/1,2.2433336,"","","","",6,1.69,3.26,1.69,3.26
MedicalTerm,lymphocyte,1155,(Unknown),1.626,"","","","",5,1.2,1.76,1.2,1.76
MedicalTerm,lymphocyte,3405,12.85,1.825,"","","","",4,1.4,2.3,1.4,2.3
MedicalTerm,lymphocyte,3733,x10x9l,2.225,"","","","",4,1.41,2.97,1.41,2.97
MedicalTerm,lymphocyte,1949,fg,2.4499998,"","","","",4,1.8,3.4,1.8,3.4
MedicalTerm,lymphocyte,64,1,1.9000001,"","","","",4,1.4,2.3,1.4,2.3
MedicalTerm,lymphocyte,1245,10*/L,2.7,"","","","",3,1.7,4.1,1.7,4.1
MedicalTerm,lymphocyte,407,10*3/mL,2.45,"","","","",2,2.2,2.7,2.2,2.7
MedicalTerm,lymphocyte,1196,(ph),2.1,"","","","",2,1.8,2.4,1.8,2.4
MedicalTerm,lymphocyte,1047,-,1.2,"","","","",2,1.1,1.3,1.1,1.3
MedicalTerm,lymphocyte,22121,%  x10^9/l,393.3,"","","","",1,393.3,393.3,393.3,393.3
MedicalTerm,lymphocyte,2691,ZZ,2.8,"","","","",1,2.8,2.8,2.8,2.8
MedicalTerm,lymphocyte,8642,10/9 l(36%),2.0,"","","","",1,2.0,2.0,2.0,2.0
MedicalTerm,lymphocyte,3376,#M ( )/L,1.6,"","","","",1,1.6,1.6,1.6,1.6
MedicalTerm,lymphocyte,8637,10/9 l(43%),2.4,"","","","",1,2.4,2.4,2.4,2.4
MedicalTerm,lymphocyte,8655,10/9 l(28),2.0,"","","","",1,2.0,2.0,2.0,2.0
MedicalTerm,lymphocyte,8624,10/9 l(30%),2.3,"","","","",1,2.3,2.3,2.3,2.3
MedicalTerm,lymphocyte,358,/100(WBC),1.28,"","","","",1,1.28,1.28,1.28,1.28
MedicalTerm,lymphocyte,8718,10/9 l(35%),2.0,"","","","",1,2.0,2.0,2.0,2.0
MedicalTerm,lymphocyte,8598,10/9 l(35),1.9,"","","","",1,1.9,1.9,1.9,1.9
MedicalTerm,lymphocyte,11991,10/9LLO,1.1,"","","","",1,1.1,1.1,1.1,1.1
MedicalTerm,neutrophils,77,10*9/L,4.4790697,"","","","",399766,0.0,621.0,2.5,6.7
MedicalTerm,neutrophils,307,x10^9/l,4.485451,"","","","",21300,0.0,75.2,2.5,6.6
MedicalTerm,neutrophils,82,10^9/l,4.80684,"","","","",20249,0.0,11300.0,2.4,6.4
MedicalTerm,neutrophils,305,x10*9/L,4.53157,"","","","",19081,0.29,33.01,2.6,6.9
MedicalTerm,neutrophils,1,%,57.98464,"","","","",16320,0.0,95.3,44.6,72.0
MedicalTerm,neutrophils,321,x 10*9/L,4.368446,"","","","",5111,0.3,29.5,2.4,6.5
MedicalTerm,neutrophils,69,10 9/L,4.5956254,"","","","",5066,0.69,27.6,2.81,6.67
MedicalTerm,neutrophils,884,x10\S\9l,4.062133,"","","","",3829,0.0,19.8,2.14,6.13
MedicalTerm,neutrophils,6,*10^9/l,6.9097786,"","","","",2436,0.0,82.9,2.3,8.79
MedicalTerm,neutrophils,76,10*9 cells/L,6.9922514,"","","","",2243,0.0,639.0,2.3,9.97
MedicalTerm,neutrophils,431,x10^9,4.2656507,"","","","",1450,0.0,87.0,2.1,6.5
MedicalTerm,neutrophils,335,x 10^9/litre,3.972309,"","","","",1166,0.7,14.6,2.3,5.8
MedicalTerm,neutrophils,1250,10**9/L,4.1148243,"","","","",1066,1.2,18.1,2.4,6.3
MedicalTerm,neutrophils,1224,10*3/uL,4.851355,"","","","",952,1.22,15.3,2.76,7.59
MedicalTerm,neutrophils,323,10^9,4.9980555,"","","","",834,1.07,65.9,2.46,7.88
MedicalTerm,neutrophils,433,x10e9/l,4.515908,"","","","",552,1.4,16.7,2.8,6.4
MedicalTerm,neutrophils,862,10*9,4.036316,"","","","",445,1.09,10.13,2.29,6.14
MedicalTerm,neutrophils,1243,x10^9l,4.0523953,"","","","",355,1.1,70.3,2.03,6.18
MedicalTerm,neutrophils,585,x 10^9/l,3.7592936,"","","","",339,0.91,10.24,2.31,5.52
MedicalTerm,neutrophils,160,l,4.353388,"","","","",310,1.9,11.8,2.8,6.08
MedicalTerm,neutrophils,986,Not given,4.6477604,"","","","",308,1.55,12.18,2.76,6.82
MedicalTerm,neutrophils,392,x10 9/,4.4365144,"","","","",261,0.86,59.9,2.44,6.61
MedicalTerm,neutrophils,246,per cent,44.87489,"","","","",244,1.5,87.0,2.5,69.8
MedicalTerm,neutrophils,821,X10*9,4.0465217,"","","","",210,1.51,11.4,2.3,6.1
MedicalTerm,neutrophils,1681,X 10-9/l,4.3485994,"","","","",200,0.69,9.04,2.13,6.6
MedicalTerm,neutrophils,74,10*12/L,4.1162677,"","","","",142,1.0,9.59,2.31,6.3
MedicalTerm,neutrophils,1045,10/9 l,4.1093526,"","","","",139,1.6,17.8,2.2,6.1
MedicalTerm,neutrophils,416,10^3/uL,4.7042856,"","","","",133,1.48,11.31,2.35,7.52
MedicalTerm,neutrophils,1354,x109/l,4.398046,"","","","",133,2.01,10.6,2.57,6.9
MedicalTerm,neutrophils,1094,% WBC,57.50259,"","","","",116,0.0,95.0,46.0,71.0
MedicalTerm,neutrophils,1640,X 10 9/L,4.4309444,"","","","",106,0.96,9.98,2.92,6.04
MedicalTerm,neutrophils,368,x10,4.4465046,"","","","",103,1.94,7.86,2.54,6.84
MedicalTerm,neutrophils,933,*10 9/l,4.0402064,"","","","",97,1.3,11.0,2.4,5.6
MedicalTerm,neutrophils,334,/L,4.5313535,"","","","",96,0.9,10.4,2.5,7.0
MedicalTerm,neutrophils,79,10/9L,4.394791,"","","","",96,1.3,13.7,2.9,6.7
MedicalTerm,neutrophils,1034,x10 9/l,4.008,"","","","",85,1.7,11.16,2.17,6.21
MedicalTerm,neutrophils,1103,x 10e9/litre,4.1389604,"","","","",77,1.3,10.5,2.5,5.9
MedicalTerm,neutrophils,923,Unknown,4.185277,"","","","",72,1.8,9.2,2.3,6.2
MedicalTerm,neutrophils,7048,x 10?'9/l,3.97127,"","","","",63,0.63,10.0,1.5,6.05
MedicalTerm,neutrophils,405,UNKNOWN UNITS,48.468395,"","","","",56,3.05,72.1,4.75,65.5
MedicalTerm,neutrophils,1256,10*9/mL,4.0531254,"","","","",48,2.1,14.65,2.5,5.7
MedicalTerm,neutrophils,303,x10'9/l,3.934468,"","","","",47,0.95,6.5,2.4,5.56
MedicalTerm,neutrophils,1581,x10/9 l,3.8944445,"","","","",36,1.8,6.0,2.4,5.7
MedicalTerm,neutrophils,1133,x10**9/l,3.8978784,"","","","",33,1.8,9.93,2.6,5.9
MedicalTerm,neutrophils,254,pH,4.4492593,"","","","",27,2.21,10.89,2.85,5.9
MedicalTerm,neutrophils,347,10*-2,4.162632,"","","","",19,1.66,6.24,3.01,5.64
MedicalTerm,neutrophils,1194,10/9/l,4.0722218,"","","","",18,2.3,6.5,2.9,5.4
MedicalTerm,neutrophils,6635,x 10 ^9/l,3.8588238,"","","","",17,1.5,6.6,2.7,5.9
MedicalTerm,neutrophils,75,10*6/L,4.012,"","","","",15,1.9,7.4,2.6,6.61
MedicalTerm,neutrophils,1271,x10\S\9/L,4.9500003,"","","","",12,1.9,8.3,2.7,8.0
MedicalTerm,neutrophils,1113,x 109/l,5.608332,"","","","",12,1.0,20.8,2.8,6.4
MedicalTerm,neutrophils,67,10,5.025,"","","","",8,2.99,7.54,4.16,6.88
MedicalTerm,neutrophils,1155,(Unknown),3.3133335,"","","","",6,2.14,5.6,2.5,5.6
MedicalTerm,neutrophils,1949,fg,3.8500001,"","","","",4,2.7,5.4,2.7,5.4
MedicalTerm,neutrophils,2994,*10^9/1,3.26,"","","","",3,1.94,5.89,1.94,5.89
MedicalTerm,neutrophils,64,1,3.0333335,"","","","",3,2.8,3.5,2.8,3.5
MedicalTerm,neutrophils,391,x10^6/L,6.85,"","","","",3,6.22,7.8,6.22,7.8
MedicalTerm,neutrophils,1196,(ph),3.45,"","","","",2,3.4,3.5,3.4,3.5
MedicalTerm,neutrophils,407,10*3/mL,4.8500004,"","","","",2,4.8,4.9,4.8,4.9
MedicalTerm,neutrophils,134,fL,6.8999996,"","","","",2,2.4,11.4,2.4,11.4
MedicalTerm,neutrophils,22121,%  x10^9/l,529.44995,"","","","",2,514.3,544.6,514.3,544.6
MedicalTerm,neutrophils,3376,#M ( )/L,6.5,"","","","",1,6.5,6.5,6.5,6.5
MedicalTerm,neutrophils,8658,10/9 l(42%),2.4,"","","","",1,2.4,2.4,2.4,2.4
MedicalTerm,neutrophils,8589,10/9 l(58%),4.5,"","","","",1,4.5,4.5,4.5,4.5
MedicalTerm,neutrophils,8722,10/9 l(51%),3.0,"","","","",1,3.0,3.0,3.0,3.0
MedicalTerm,neutrophils,2691,ZZ,3.6,"","","","",1,3.6,3.6,3.6,3.6
MedicalTerm,neutrophils,8703,10/9 l(56),4.1,"","","","",1,4.1,4.1,4.1,4.1
MedicalTerm,neutrophils,138,g/dL,3.4,"","","","",1,3.4,3.4,3.4,3.4
MedicalTerm,neutrophils,8637,10/9 l(43%),2.4,"","","","",1,2.4,2.4,2.4,2.4
MedicalTerm,neutrophils,358,/100(WBC),2.12,"","","","",1,2.12,2.12,2.12,2.12
MedicalTerm,neutrophils,8689,10/9 l(53),2.9,"","","","",1,2.9,2.9,2.9,2.9
MedicalTerm,plasma_proteins,139,g/L,70.74832,"","","","",340481,0.0,174.0,65.0,77.0
MedicalTerm,plasma_proteins,1155,(Unknown),72.0,"","","","",56,64.0,81.0,67.0,77.0
MedicalTerm,plasma_proteins,183,mg/L,63.294117,"","","","",17,28.0,82.0,61.0,69.0
MedicalTerm,plasma_proteins,3700,Serum proteins normal,68.75,"","","","",16,0.0,81.0,68.0,79.0
MedicalTerm,plasma_proteins,138,g/dL,72.61539,"","","","",13,64.0,84.0,66.0,83.0
MedicalTerm,plasma_proteins,3549,Serum / plasma proteins,18.75,"","","","",4,0.0,75.0,0.0,75.0
MedicalTerm,plasma_proteins,521,R,71.5,"","","","",4,68.0,77.0,68.0,77.0
MedicalTerm,plasma_proteins,285,umol/L,78.0,"","","","",4,75.0,83.0,75.0,83.0
MedicalTerm,plasma_proteins,3861,GL,75.25,"","","","",4,71.0,78.0,71.0,78.0
MedicalTerm,plasma_proteins,9634,Plasma total protein,49.0,"","","","",3,0.0,77.0,0.0,77.0
MedicalTerm,plasma_proteins,218,mmol/L,65.5,"","","","",2,65.0,66.0,65.0,66.0
MedicalTerm,plasma_proteins,288,units,74.0,"","","","",2,72.0,76.0,72.0,76.0
MedicalTerm,plasma_viscosity,226,mPa.s,1.7044874,"","","","",10088,0.11,3.53,1.55,1.89
MedicalTerm,plasma_viscosity,124,cp,1.701621,"","","","",2340,0.0,2.82,1.56,1.9
MedicalTerm,plasma_viscosity,384,mPa/s,1.701289,"","","","",1085,1.41,2.92,1.55,1.88
MedicalTerm,plasma_viscosity,1049,mPas,10.5347185,"","","","",705,1.4,209.0,1.56,1.97
MedicalTerm,plasma_viscosity,225,mPa's,1.6818398,"","","","",212,1.48,2.27,1.55,1.82
MedicalTerm,plasma_viscosity,1344,mPa,2.6009285,"","","","",140,1.45,58.0,1.56,1.98
MedicalTerm,plasma_viscosity,923,Unknown,1.7724735,"","","","",93,1.53,2.13,1.61,1.96
MedicalTerm,plasma_viscosity,22120,,5.919,"","","","",90,0.0,74.0,1.48,17.0
MedicalTerm,plasma_viscosity,405,UNKNOWN UNITS,1.2402664,"","","","",75,0.23,2.04,0.35,1.73
MedicalTerm,plasma_viscosity,1230,mPa.s.,1.6527025,"","","","",74,1.47,1.99,1.55,1.79
MedicalTerm,plasma_viscosity,1061,mPA @ 25C.,1.662,"","","","",70,1.47,2.15,1.49,2.05
MedicalTerm,plasma_viscosity,986,Not given,1.6545457,"","","","",44,1.46,2.13,1.52,1.85
MedicalTerm,plasma_viscosity,385,mosmol/L,19.16,"","","","",20,1.54,181.0,1.56,1.79
MedicalTerm,plasma_viscosity,288,units,18.78222,"","","","",18,1.53,156.0,1.6,2.0
MedicalTerm,plasma_viscosity,2687,mpa/sec,1.7921429,"","","","",14,1.59,2.0,1.63,1.95
MedicalTerm,plasma_viscosity,1027,cp @25 deg.C,1.7377776,"","","","",9,1.6,1.99,1.61,1.82
MedicalTerm,plasma_viscosity,1404,cps,1.8575001,"","","","",4,1.32,2.31,1.32,2.31
MedicalTerm,plasma_viscosity,214,mm/hr,14.0,"","","","",4,6.0,23.0,6.0,23.0
MedicalTerm,plasma_viscosity,4165,mPas 25C.,1.6,"","","","",3,1.56,1.65,1.56,1.65
MedicalTerm,plasma_viscosity,3533,Plasma viscosity raised,0.0,"","","","",3,0.0,0.0,0.0,0.0
MedicalTerm,plasma_viscosity,577,Plasma viscosity normal,0.0,"","","","",2,0.0,0.0,0.0,0.0
MedicalTerm,plasma_viscosity,1155,(Unknown),1.8399999,"","","","",2,1.67,2.01,1.67,2.01
MedicalTerm,plasma_viscosity,213,mm/hour,26.5,"","","","",2,11.0,42.0,11.0,42.0
MedicalTerm,plasma_viscosity,153,IU,1.595,"","","","",2,1.56,1.63,1.56,1.63
MedicalTerm,plasma_viscosity,65,1/1,1.79,"","","","",1,1.79,1.79,1.79,1.79
MedicalTerm,plasma_viscosity,1821,Pa,1.49,"","","","",1,1.49,1.49,1.49,1.49
MedicalTerm,platelets,77,10*9/L,1353.156,"","","","",410878,0.0,307000000.0,153.0,346.0
MedicalTerm,platelets,307,x10^9/l,247.20703,"","","","",29295,0.0,2515.0,157.0,345.0
MedicalTerm,platelets,305,x10*9/L,246.70901,"","","","",20992,6.0,1693.0,156.0,344.0
MedicalTerm,platelets,82,10^9/l,202596.77,"","","","",20886,0.0,424000000.0,152.0,339.0
MedicalTerm,platelets,321,x 10*9/L,254.17691,"","","","",5110,22.0,932.0,167.0,347.0
MedicalTerm,platelets,69,10 9/L,245.79082,"","","","",5029,1.0,692.0,164.0,337.0
MedicalTerm,platelets,884,x10\S\9l,233.54831,"","","","",3830,32.0,808.0,144.0,327.0
MedicalTerm,platelets,76,10*9 cells/L,233.12067,"","","","",3675,0.0,2921.0,97.0,364.0
MedicalTerm,platelets,5,*10^9/cumm,252.39136,"","","","",3491,0.0,17110.0,144.0,358.0
MedicalTerm,platelets,323,10^9,268.48602,"","","","",1980,24.0,885.0,174.0,373.0
MedicalTerm,platelets,431,x10^9,234.07962,"","","","",1855,13.0,732.0,142.0,329.0
MedicalTerm,platelets,585,x 10^9/l,229.46443,"","","","",1462,26.0,608.0,136.0,324.0
MedicalTerm,platelets,1250,10**9/L,253.84753,"","","","",1033,8.8,666.0,162.0,355.0
MedicalTerm,platelets,1224,10*3/uL,294.14554,"","","","",962,83.0,1067.0,183.0,402.0
MedicalTerm,platelets,79,10/9L,272.95517,"","","","",669,83.0,600.0,188.0,375.0
MedicalTerm,platelets,433,x10e9/l,244.93701,"","","","",635,33.0,562.0,158.0,333.0
MedicalTerm,platelets,862,10*9,217.92802,"","","","",528,29.0,523.0,130.0,313.0
MedicalTerm,platelets,6,*10^9/l,248.48026,"","","","",481,41.0,660.0,160.0,342.0
MedicalTerm,platelets,1243,x10^9l,232.11406,"","","","",377,21.0,565.0,149.0,314.0
MedicalTerm,platelets,160,l,246.00623,"","","","",321,60.0,458.0,147.0,372.0
MedicalTerm,platelets,1113,x 109/l,261.709,"","","","",299,44.0,859.0,169.0,351.0
MedicalTerm,platelets,392,x10 9/,253.65329,"","","","",274,31.0,682.0,168.0,357.0
MedicalTerm,platelets,821,X10*9,234.17592,"","","","",245,13.1,723.0,155.0,311.0
MedicalTerm,platelets,334,/L,238.82912,"","","","",237,8.5,739.0,94.0,360.0
MedicalTerm,platelets,1640,X 10 9/L,250.14285,"","","","",210,81.0,458.0,164.0,348.0
MedicalTerm,platelets,1354,x109/l,285.24872,"","","","",197,86.0,643.0,180.0,391.0
MedicalTerm,platelets,1045,10/9 l,273.9565,"","","","",184,115.0,881.0,191.0,355.0
MedicalTerm,platelets,416,10^3/uL,266.1978,"","","","",182,125.0,753.0,168.0,398.0
MedicalTerm,platelets,1681,X 10-9/l,236.49721,"","","","",179,52.0,586.0,95.0,349.0
MedicalTerm,platelets,1197,x10^9/1,240.32051,"","","","",156,110.0,551.0,163.0,313.0
MedicalTerm,platelets,74,10*12/L,274.5102,"","","","",147,130.0,475.0,191.0,369.0
MedicalTerm,platelets,1426,109l,276.53958,"","","","",139,159.0,683.0,181.0,366.0
MedicalTerm,platelets,368,x10,260.0098,"","","","",102,75.0,627.0,141.0,375.0
MedicalTerm,platelets,933,*10 9/l,259.41415,"","","","",99,116.0,556.0,183.0,343.0
MedicalTerm,platelets,923,Unknown,255.4,"","","","",85,106.0,434.0,186.0,346.0
MedicalTerm,platelets,1034,x10 9/l,261.29486,"","","","",78,90.0,548.0,168.0,370.0
MedicalTerm,platelets,303,x10'9/l,252.4026,"","","","",77,110.0,473.0,179.0,337.0
MedicalTerm,platelets,1155,(Unknown),282.27274,"","","","",66,156.0,595.0,205.0,382.0
MedicalTerm,platelets,1133,x10**9/l,278.19696,"","","","",66,160.0,477.0,190.0,389.0
MedicalTerm,platelets,7048,x 10?'9/l,270.15872,"","","","",63,50.0,520.0,179.0,380.0
MedicalTerm,platelets,1626,10e9/l,266.13794,"","","","",58,64.0,469.0,88.0,422.0
MedicalTerm,platelets,1256,10*9/mL,235.17392,"","","","",46,54.0,485.0,155.0,366.0
MedicalTerm,platelets,134,fL,18.235714,"","","","",42,7.2,272.0,8.7,14.8
MedicalTerm,platelets,254,pH,242.23077,"","","","",39,125.0,404.0,179.0,340.0
MedicalTerm,platelets,1581,x10/9 l,238.89473,"","","","",38,160.0,411.0,176.0,282.0
MedicalTerm,platelets,65,1/1,239.41176,"","","","",34,78.0,406.0,113.0,329.0
MedicalTerm,platelets,81,10^12/l,299.6,"","","","",25,90.0,447.0,98.0,426.0
MedicalTerm,platelets,1194,10/9/l,215.52,"","","","",25,140.0,263.0,175.0,257.0
MedicalTerm,platelets,2976,x10 9,215.5,"","","","",24,155.0,353.0,164.0,325.0
MedicalTerm,platelets,421,.,340.83334,"","","","",24,134.0,643.0,235.0,415.0
MedicalTerm,platelets,6580,x10 9/1,273.83334,"","","","",24,192.0,369.0,223.0,315.0
MedicalTerm,platelets,347,10*-2,211.73685,"","","","",19,41.0,392.0,52.0,344.0
MedicalTerm,platelets,67,10,257.1111,"","","","",18,60.0,572.0,136.0,291.0
MedicalTerm,platelets,75,10*6/L,226.4,"","","","",15,144.0,309.0,161.0,287.0
MedicalTerm,platelets,1271,x10\S\9/L,235.91667,"","","","",12,132.0,339.0,140.0,333.0
MedicalTerm,platelets,826,10*3/L,320.9091,"","","","",11,188.0,655.0,201.0,440.0
MedicalTerm,platelets,64,1,274.9,"","","","",10,130.0,470.0,147.0,434.0
MedicalTerm,platelets,1,%,255.7375,"","","","",8,9.9,417.0,206.0,349.0
MedicalTerm,platelets,2994,*10^9/1,249.71428,"","","","",7,177.0,311.0,190.0,303.0
MedicalTerm,platelets,72,10'9/l,226.28572,"","","","",7,129.0,395.0,140.0,281.0
MedicalTerm,platelets,407,10*3/mL,288.42856,"","","","",7,100.0,401.0,238.0,391.0
MedicalTerm,platelets,2429,H x10*9/L,233.0,"","","","",5,161.0,321.0,161.0,321.0
MedicalTerm,platelets,2421,/cmm,237.5,"","","","",4,182.0,295.0,182.0,295.0
MedicalTerm,platelets,138,g/dL,22.825,"","","","",4,12.8,33.1,12.8,33.1
MedicalTerm,platelets,1949,fg,294.5,"","","","",4,272.0,327.0,272.0,327.0
MedicalTerm,platelets,218,mmol/L,5.366667,"","","","",3,3.6,7.2,3.6,7.2
MedicalTerm,platelets,986,Not given,277.0,"","","","",2,223.0,331.0,223.0,331.0
MedicalTerm,platelets,1196,(ph),197.5,"","","","",2,165.0,230.0,165.0,230.0
MedicalTerm,platelets,4217,1000million/l,160.0,"","","","",1,160.0,160.0,160.0,160.0
MedicalTerm,platelets,3376,#M ( )/L,306.0,"","","","",1,306.0,306.0,306.0,306.0
MedicalTerm,platelets,1961,cm(H2O),213.0,"","","","",1,213.0,213.0,213.0,213.0
MedicalTerm,platelets,2691,ZZ,232.0,"","","","",1,232.0,232.0,232.0,232.0
MedicalTerm,platelets,1943,x10/l,219.0,"","","","",1,219.0,219.0,219.0,219.0
MedicalTerm,platelets,1204,109/l,9.0,"","","","",1,9.0,9.0,9.0,9.0
MedicalTerm,platelets,358,/100(WBC),55.0,"","","","",1,55.0,55.0,55.0,55.0
MedicalTerm,urea_serum,218,mmol/L,6.9024925,"","","","",416068,0.0,11013.0,4.0,10.2
MedicalTerm,urea_serum,182,MG/DL,6.076108,"","","","",419,1.4,102.0,3.9,7.8
MedicalTerm,urea_serum,1155,(Unknown),6.614102,"","","","",78,2.9,12.3,4.2,9.6
MedicalTerm,urea_serum,2395,mmol/litre,5.8785715,"","","","",28,3.4,16.5,3.9,6.9
MedicalTerm,urea_serum,405,UNKNOWN UNITS,5.0307693,"","","","",26,2.4,7.8,2.9,7.2
MedicalTerm,urea_serum,609,Urea - blood,0.0,"","","","",9,0.0,0.0,0.0,0.0
MedicalTerm,urea_serum,285,umol/L,75.42857,"","","","",7,13.0,97.0,73.0,91.0
MedicalTerm,urea_serum,293,Urea and electrolytes,0.0,"","","","",6,0.0,0.0,0.0,0.0
MedicalTerm,urea_serum,4311,mM/day,5.466667,"","","","",3,4.9,6.2,4.9,6.2
MedicalTerm,urea_serum,1145,mmolL,5.466667,"","","","",3,4.1,7.5,4.1,7.5
MedicalTerm,urea_serum,9144,(N),5.3,"","","","",2,5.2,5.4,5.2,5.4
MedicalTerm,urea_serum,789,Blood urea normal,0.0,"","","","",2,0.0,0.0,0.0,0.0
MedicalTerm,urea_serum,284,umol/24h,35.0,"","","","",1,35.0,35.0,35.0,35.0
MedicalTerm,urea_serum,2045,ng,8.8,"","","","",1,8.8,8.8,8.8,8.8
MedicalTerm,urea_serum,332,mmol,4.7,"","","","",1,4.7,4.7,4.7,4.7
MedicalTerm,urea_serum,64,1,333.6,"","","","",1,333.6,333.6,333.6,333.6
MedicalTerm,urea_serum,139,g/L,4.5,"","","","",1,4.5,4.5,4.5,4.5
MedicalTerm,urea_serum,288,units,4.2,"","","","",1,4.2,4.2,4.2,4.2
MedicalTerm,urea_serum,923,Unknown,3.6,"","","","",1,3.6,3.6,3.6,3.6
MedicalTerm,weight,156,kg,1827.138,"","","","",530620,-6.82,926494300.0,58.4,106.0
MedicalTerm,weight,827,Kgs,82.22862,"","","","",250,37.0,130.91,65.0,108.0
MedicalTerm,weight,3283,kilograms,77.893425,"","","","",76,54.0,101.0,62.0,89.0
MedicalTerm,weight,6265,decimal stones,13.029548,"","","","",44,8.9,18.0,10.6,15.1
MedicalTerm,weight,18741,137L,58.0,"","","","",1,58.0,58.0,58.0,58.0
MedicalTerm,weight,22120,,74.0,"","","","",1,74.0,74.0,74.0,74.0
MedicalTerm,weight,1788,/kg(body wt),79.0,"","","","",1,79.0,79.0,79.0,79.0
MedicalTerm,weight,4445,114,84.5,"","","","",1,84.5,84.5,84.5,84.5
MedicalTerm,weight,218,mmol/L,5.7,"","","","",1,5.7,5.7,5.7,5.7
